FarmerID,Target_Variable/Total Income
5015647759302590,0.0
5831688977487240,0.0
1741468197873020,0.0
6437779104759020,0.0
6093835744828620,0.0
3636123631051780,0.0
4531042788811440,0.0
1588174245330450,0.0
8772786249087210,0.0
2830803798125940,0.0
1685179201417230,0.0
5610981645592490,0.0
2067402406508350,0.0
9900818597868580,0.0
5198768109014830,0.0
5348478189055850,0.0
5225793051175140,0.0
4060440671231880,0.0
7178880074546480,0.0
1450548007247120,0.0
6755370300607870,0.0
6213339697686890,0.0
1545643235597250,0.0
7976279858813440,0.0
8807204976598640,0.0
1837340096734920,0.0
5247094036326390,0.0
3277989568850950,0.0
9148890545443140,0.0
9167988941652140,0.0
3696136402906320,0.0
4650050641080560,0.0
6678858618637090,0.0
4459791598787670,0.0
5836062790978790,0.0
2008855672067540,0.0
2604907612927720,0.0
4301244632752160,0.0
9650210219857320,0.0
3122334048243060,0.0
2275457163247090,0.0
6631966038376390,0.0
6149564193667300,0.0
8834052733330130,0.0
6004998325969160,0.0
1750542632170680,0.0
1364454868284760,0.0
1183390134709780,0.0
6667444446251350,0.0
3605474366223790,0.0
8459067511501080,0.0
9557004664799470,0.0
1051613504283640,0.0
6640031459929840,0.0
5415807434985180,0.0
3798532320288720,0.0
5123416543512180,0.0
3664246266381980,0.0
4425258004170690,0.0
5085755787067130,0.0
7325026264319380,0.0
1905766612775440,0.0
2129380490884110,0.0
5219267044276920,0.0
7777343278554870,0.0
2527732178857100,0.0
1471083867621580,0.0
7936932044139160,0.0
6041786596194210,0.0
4642396136159360,0.0
8843134980278400,0.0
4794917780797440,0.0
5534666097532090,0.0
1581990297584470,0.0
4770975944882690,0.0
1694112162897970,0.0
2762273206359760,0.0
2218261644468600,0.0
5801648924351740,0.0
2618165809831030,0.0
5635648866290260,0.0
2460465089360850,0.0
6710295293603820,0.0
8638565722234930,0.0
9387624198730870,0.0
3864578928377280,0.0
3203681791248550,0.0
2086360676985510,0.0
1193868183591190,0.0
1988843287583510,0.0
1622490434721650,0.0
8019518986235220,0.0
8565560341399840,0.0
9296183050529660,0.0
9231891191623390,0.0
1695559538019370,0.0
3064901737371050,0.0
3200020257326100,0.0
6251051253787190,0.0
5663163549992300,0.0
1231535879570090,0.0
8875925132160310,0.0
3027546817799150,0.0
2794987361952860,0.0
8413518575433990,0.0
5140144868875830,0.0
6868685588578620,0.0
9832295027778330,0.0
6210113896364590,0.0
5762322491010620,0.0
9976290468171120,0.0
2933241906328540,0.0
5341744391949220,0.0
1472906254702960,0.0
5856473711163560,0.0
7154763880851500,0.0
4482478467467810,0.0
2554296746064230,0.0
9969678248623130,0.0
5365623906663730,0.0
8334737837449660,0.0
6887631209010810,0.0
1676664494660900,0.0
4648195385620940,0.0
9495132349734550,0.0
4040903948680380,0.0
9100926912443910,0.0
6678905723124730,0.0
5133606962618330,0.0
9467494879218800,0.0
6650188228830460,0.0
3796028705027520,0.0
2700795248864810,0.0
6711624101304410,0.0
9553340435554490,0.0
3023806598126710,0.0
3681962821246950,0.0
3723039786616940,0.0
4203876840196910,0.0
1392977516111280,0.0
6624680452452840,0.0
2687069133547730,0.0
1268393611117090,0.0
1238331685799720,0.0
6747444535421950,0.0
2406202907439750,0.0
7791603069574950,0.0
8247887118231370,0.0
5029771572794310,0.0
7087706468498200,0.0
6889218417766280,0.0
2515737053974040,0.0
7968813151048360,0.0
1989333114867090,0.0
7482241173623560,0.0
1740631062328960,0.0
2586712325091220,0.0
3511666940733900,0.0
5019563994398970,0.0
3775866617992600,0.0
4052825386520970,0.0
3634701846106180,0.0
3773368429328510,0.0
5118123483305950,0.0
6803423753648780,0.0
2447184010816570,0.0
8748852107382280,0.0
7361446162930670,0.0
9346000675355500,0.0
3281867669610350,0.0
7993331093306860,0.0
7966980526553340,0.0
1485863687894690,0.0
1041672429568350,0.0
8978197851900300,0.0
5980547060290700,0.0
2158635277489040,0.0
7131628949645240,0.0
9466495999253720,0.0
7957196874241820,0.0
4463690702821500,0.0
5147855867995540,0.0
6436531810454310,0.0
1109253423880550,0.0
7789223418367770,0.0
1055186130466650,0.0
6770983294801400,0.0
3795927160964380,0.0
6545491934153470,0.0
1997279038160280,0.0
2248456223358210,0.0
7719682866879260,0.0
8108586670199530,0.0
2130461048730030,0.0
8058960390098530,0.0
2925699272572220,0.0
8971639967597510,0.0
2725964222510670,0.0
5053603064569950,0.0
8816826166947020,0.0
1123181829584760,0.0
1997412534526570,0.0
6692628994485210,0.0
9398114333562990,0.0
8246503459274440,0.0
3772090050775750,0.0
7673281662172510,0.0
5114986734636630,0.0
7293494759302730,0.0
3158284527252650,0.0
3555553726677600,0.0
6879246558843660,0.0
4235811160431440,0.0
5382679287887170,0.0
8252819848419310,0.0
3168752974402470,0.0
5590691280166460,0.0
4790201300795140,0.0
5447937995747020,0.0
8351566229067970,0.0
6732890143177350,0.0
3940159652426050,0.0
1243285265327660,0.0
1614755011879430,0.0
1593498723515910,0.0
7900741332620070,0.0
1187608928380250,0.0
1463085972511220,0.0
7627450478765180,0.0
7378743380945280,0.0
2432461775470260,0.0
9739046651441210,0.0
6507142124489890,0.0
8391672697648800,0.0
8221410360307950,0.0
6718884481354640,0.0
4368883348561570,0.0
7622504534132080,0.0
4585486357182420,0.0
9696611296195560,0.0
5697652176579380,0.0
9959183447192990,0.0
4122691433707640,0.0
6580726065122630,0.0
4117355123272420,0.0
6402670429311250,0.0
4136148377885760,0.0
2442474138980290,0.0
6930701488167590,0.0
8269831577788960,0.0
6228815470055810,0.0
6778923536467420,0.0
9087851409308800,0.0
7352699768882770,0.0
5787576603597060,0.0
2690035329110020,0.0
9891358983418130,0.0
8157793048319420,0.0
3158414296933340,0.0
5865035505133940,0.0
5471474789623010,0.0
6830715144090910,0.0
2056655087499890,0.0
8371096044515260,0.0
9885099298389290,0.0
1978789628492850,0.0
5180587793280400,0.0
1090892939015510,0.0
7559909270811910,0.0
8897461582071340,0.0
8711992185780980,0.0
9937163634414280,0.0
9801168314236390,0.0
7742029636338920,0.0
7777127750783510,0.0
6879127586594140,0.0
6898732082556950,0.0
2332768205269920,0.0
2846457527219030,0.0
6737979446412200,0.0
8403100956410400,0.0
1338343310526770,0.0
2204365610357040,0.0
7713197160953310,0.0
6228452589103840,0.0
4483479798407350,0.0
2429651784245200,0.0
4538163128768750,0.0
6433055963731250,0.0
7882861140279730,0.0
6764412937384390,0.0
8625097823358160,0.0
7291250409045510,0.0
2475675388522850,0.0
8273592962565510,0.0
8909129351624640,0.0
1458244268070300,0.0
7254485107477680,0.0
7050992883515150,0.0
7110830446333530,0.0
3804878113477680,0.0
1377750636947870,0.0
5641414469528330,0.0
3588632182465470,0.0
1947854288147980,0.0
9011875962551350,0.0
6012121525042970,0.0
4066820384354650,0.0
4459079096085060,0.0
2387693999814650,0.0
7902251811592760,0.0
1891932167632130,0.0
1741279661123610,0.0
8874031304394340,0.0
2092393940461720,0.0
2884253671544420,0.0
1685028706059700,0.0
7064809958398550,0.0
3481948538714390,0.0
9794352476814410,0.0
9215287874440450,0.0
7362529159409680,0.0
4032453087337110,0.0
4438205733844050,0.0
7760335483949300,0.0
6378972846973770,0.0
6243662070310690,0.0
9305915210169350,0.0
1780373569853940,0.0
3119514791884740,0.0
2742053170391480,0.0
6476909762218970,0.0
4831175274647920,0.0
2683674428674520,0.0
8711541991672710,0.0
1051553908494000,0.0
7948840730929910,0.0
8301585469611070,0.0
9980729126239890,0.0
3515140893946240,0.0
9595278237799940,0.0
5896600270554220,0.0
5745499006070110,0.0
6294002793259210,0.0
3897867778649380,0.0
8990611346173620,0.0
7452188241259970,0.0
6725493479685000,0.0
3651920008356140,0.0
6700596073720460,0.0
3567684113617260,0.0
5061483357921960,0.0
2896052689739980,0.0
6456476560617270,0.0
5598884582517050,0.0
6889218417766280,0.0
4360187670350160,0.0
2424188681966340,0.0
5561616647150950,0.0
9311886989295900,0.0
2339232276668850,0.0
2968465810263370,0.0
7981971123183820,0.0
4999972469238500,0.0
2312429187514920,0.0
5284965702437790,0.0
1030150783208640,0.0
4673467993424070,0.0
3521756089986340,0.0
3228954718355800,0.0
7600529957707260,0.0
2358000759005050,0.0
2238401024316980,0.0
2579581190102870,0.0
5983100735499780,0.0
4650239773757280,0.0
3736062174405270,0.0
2921710795571880,0.0
9105378125863330,0.0
4738337326613800,0.0
8499857237938190,0.0
7806834345221900,0.0
1801606124956210,0.0
5433136355325540,0.0
7175944159091160,0.0
9351621739806500,0.0
1139575689925570,0.0
2622641995371780,0.0
5313170939578730,0.0
4314057782300400,0.0
5307216335380550,0.0
4466920402377300,0.0
1291089897906400,0.0
3086980405466720,0.0
9482073293970480,0.0
1314506560324240,0.0
2951529212650570,0.0
1034064876859700,0.0
4114078704260650,0.0
9429444476778960,0.0
5747036347786380,0.0
9724554228777990,0.0
7080807008873970,0.0
3214540684781560,0.0
2003106312597570,0.0
1555390416949500,0.0
9083725962427810,0.0
1983814372587820,0.0
4656808362507000,0.0
2298242733556400,0.0
1271121906139530,0.0
3868793161475760,0.0
8828921649555700,0.0
7970745105587880,0.0
3561205301913400,0.0
4389391990195110,0.0
6578990134119560,0.0
5493301971218860,0.0
3868956934612650,0.0
6167515772272800,0.0
8984795463964780,0.0
6308133772009100,0.0
7210646470467550,0.0
4804027157898510,0.0
6080210746631980,0.0
9405558814035830,0.0
8454483579251530,0.0
8195982430470440,0.0
8272034921385950,0.0
2926112235343610,0.0
1432163716229410,0.0
5170034912148870,0.0
8586730985347550,0.0
6192806091150040,0.0
2690312066659210,0.0
8841877419421770,0.0
6783393959676210,0.0
2013087301653670,0.0
8372383656153770,0.0
2713882697832130,0.0
9382500173374050,0.0
9259638932706820,0.0
2068637535881110,0.0
5236531854399390,0.0
6621453730977790,0.0
4765122949655350,0.0
7836873078717950,0.0
1968077524269520,0.0
7750448750141990,0.0
3389876025227530,0.0
3352409542331180,0.0
7688857316452530,0.0
7638582718451930,0.0
3599409309446900,0.0
5790709878101820,0.0
9832145736276980,0.0
3303652286324070,0.0
3746838673487650,0.0
8324391909640690,0.0
9337786541906310,0.0
8239532842571750,0.0
5616929437873470,0.0
7913334303973490,0.0
5470678330545660,0.0
9290588200420360,0.0
1612924046828570,0.0
3785649203429290,0.0
3825755341809970,0.0
4718875498082730,0.0
3164388335782030,0.0
8443411770474980,0.0
3789634114771120,0.0
6541760552726700,0.0
3184745449374960,0.0
1483396329629660,0.0
7000611870528600,0.0
1410697390274000,0.0
2173778164335080,0.0
5167026892967390,0.0
4106615553588540,0.0
5179270921260160,0.0
2571284332479610,0.0
6686177297937590,0.0
2778969114917450,0.0
7830286299877130,0.0
9757641367994270,0.0
7735126449525020,0.0
6110421278777500,0.0
8266497841640620,0.0
2778967440376010,0.0
1657402758832780,0.0
6543331177943830,0.0
4711912844305020,0.0
4969989178969300,0.0
5899829893917100,0.0
2031135505249830,0.0
5898722931202130,0.0
6101300267732660,0.0
5947812657252620,0.0
8064717813024710,0.0
9058697099875120,0.0
2421201843368850,0.0
3041981192239830,0.0
2964739656024890,0.0
8944264167354540,0.0
9723859650946600,0.0
2536908438306520,0.0
9414614860231970,0.0
6992760306648200,0.0
3275758755974790,0.0
1323556179829050,0.0
4065666071011260,0.0
8133576544873780,0.0
9567157363289220,0.0
4045197690717360,0.0
7443680326451730,0.0
4489071490031190,0.0
1740653649123650,0.0
7711879765270180,0.0
7104697180702990,0.0
7726047663824860,0.0
6626402291928610,0.0
1875024547302810,0.0
8446364347986600,0.0
2876168549124270,0.0
8612306499028770,0.0
9663623276276950,0.0
6203463013207890,0.0
4101972057065600,0.0
8197449449635990,0.0
4085410804632020,0.0
8065951826551550,0.0
5488531576684780,0.0
5778080991313290,0.0
4573730667111480,0.0
5341704242626560,0.0
5568903121984360,0.0
3177635236366990,0.0
3029708342721250,0.0
5082819091029620,0.0
8568870208960210,0.0
9770481031044540,0.0
6819050091176220,0.0
2674989688406740,0.0
4013238631168090,0.0
5719293546965210,0.0
1753632215847220,0.0
2179352999123960,0.0
5480150994427130,0.0
5746374292138340,0.0
3227691660274910,0.0
5902013830806850,0.0
3913101822407710,0.0
3859717682035160,0.0
7596964635756370,0.0
4055987375759840,0.0
2257882978786310,0.0
6735832427007390,0.0
6483061317192070,0.0
7790604440145910,0.0
1066004416460220,0.0
7353868978397980,0.0
3880612264698410,0.0
3755617507158590,0.0
7642754695378010,0.0
5215941805777770,0.0
4186275300274990,0.0
2327451549378690,0.0
3340659786704260,0.0
3983193092953480,0.0
2729080194702900,0.0
6437835002564480,0.0
8641187653824290,0.0
3116110570548120,0.0
9110835074631990,0.0
4295336153959840,0.0
7011709937337080,0.0
8593458366991160,0.0
6184297886271280,0.0
8497450309226830,0.0
9810813408661730,0.0
6716523765948200,0.0
2947504127538870,0.0
2650557408894980,0.0
6365793289260950,0.0
7932001494907650,0.0
6233409398552950,0.0
7479314508495610,0.0
5048149893267020,0.0
5737519801124740,0.0
9833790998687070,0.0
4005021718038940,0.0
5362773985289700,0.0
5966899117337980,0.0
6974367664192570,0.0
2954219561219150,0.0
6384221055532030,0.0
5744345379633900,0.0
5252370611210740,0.0
7093943725809900,0.0
7843341145483360,0.0
4916965785322710,0.0
5202596188335180,0.0
8332226666670760,0.0
2511968518004470,0.0
9497634423257170,0.0
6540597355527170,0.0
7362497641337340,0.0
2016724710856050,0.0
8585783073990570,0.0
6988993636185600,0.0
2473336626473900,0.0
4738648864894910,0.0
6332123729214630,0.0
4969334739033970,0.0
9257048114466210,0.0
7135663374956350,0.0
2124680752174380,0.0
3869901323402300,0.0
7210553925457750,0.0
1955251568629460,0.0
7668129084984060,0.0
6655170500431570,0.0
7006644684371420,0.0
9943922296211370,0.0
8435699799568530,0.0
5066193976238940,0.0
5927301006703490,0.0
7715838392476160,0.0
8927973439623680,0.0
4511099691712420,0.0
3833401525339310,0.0
2680643330730080,0.0
2500868902793840,0.0
8931017042309570,0.0
9304192422897830,0.0
6516504642876710,0.0
7345170061653890,0.0
7205362739515810,0.0
5005606059541870,0.0
5635060563509650,0.0
7928625653617970,0.0
5627504045817910,0.0
7568736644562650,0.0
6153265283214490,0.0
7634882098749520,0.0
1338228794317800,0.0
8154340719930320,0.0
1180644040365260,0.0
9404992118189650,0.0
2398689159488560,0.0
6872867695202530,0.0
7512487885659560,0.0
8685023074685920,0.0
5656469652282250,0.0
6573483958703000,0.0
6455001257183660,0.0
9290281092542110,0.0
1520538819498830,0.0
8662672587013690,0.0
1984562501587990,0.0
8108924945156660,0.0
2427290041366510,0.0
5976644336828890,0.0
4264357687072130,0.0
9205443084933470,0.0
7410923833470110,0.0
5759634173580380,0.0
7166874133319910,0.0
9155373790235200,0.0
1872842838981880,0.0
3412212937738890,0.0
7932197418316810,0.0
3785300257228230,0.0
1912022521738730,0.0
2573826188986580,0.0
3275180149472000,0.0
4416802552527640,0.0
2220892394803130,0.0
4190729168211340,0.0
5323024859209080,0.0
1310773779365140,0.0
9218496174794930,0.0
5504231804418500,0.0
5057592968591420,0.0
8460253963148680,0.0
8354760527215660,0.0
5191730753036650,0.0
3038715805817100,0.0
2510442832015770,0.0
1929635718136900,0.0
2109498850760110,0.0
8846184676935050,0.0
5500115872827330,0.0
3163257549227880,0.0
5092609547804000,0.0
9377493021973120,0.0
2589438552324430,0.0
4548957470349110,0.0
7604132344242870,0.0
7606109739697720,0.0
4942590702100270,0.0
3152947205620360,0.0
3530162821612590,0.0
1362813486771910,0.0
8223112700420920,0.0
9123475143442430,0.0
2644286148970250,0.0
8939734125643390,0.0
9497066411011100,0.0
2069588852451190,0.0
1791389048039670,0.0
3299387470542780,0.0
8244547621437950,0.0
3554425404906490,0.0
2321897057005790,0.0
1320079922313730,0.0
3079275146074170,0.0
4631765159077970,0.0
7305077041017770,0.0
3993720993663050,0.0
7174537968034280,0.0
9776585207557800,0.0
4806451829959730,0.0
2189712519015250,0.0
5657634800872650,0.0
9841375407872370,0.0
5655702991984440,0.0
8558881705914470,0.0
4442861291269440,0.0
8155892587859090,0.0
2556415490881460,0.0
4550423300790110,0.0
4999518021509810,0.0
7571002255744760,0.0
1994080083417030,0.0
1265045558351110,0.0
2566643868403100,0.0
5888535161045580,0.0
9433851275287460,0.0
8035728077639910,0.0
6880974601642350,0.0
2884841271460000,0.0
8537156326485510,0.0
8935616110184960,0.0
2790723588683510,0.0
5815735509407610,0.0
1015195682469780,0.0
3689309226652290,0.0
4997365410181070,0.0
5745925473102660,0.0
9403179045838380,0.0
4610596762982800,0.0
4005756878237660,0.0
1536469774344160,0.0
6321165183364770,0.0
9387059689298560,0.0
3870513942864190,0.0
5762565789880490,0.0
1209146326636990,0.0
3848159655610680,0.0
5213250161502870,0.0
7417739549474960,0.0
4227820696596310,0.0
6506795403491380,0.0
6844412392192590,0.0
4651038215476520,0.0
8186324556081020,0.0
3647545678038890,0.0
6247859340428150,0.0
6724926068232710,0.0
3874972281450000,0.0
4703693923956420,0.0
4728698090288450,0.0
4467473473413030,0.0
7044537825193830,0.0
3074807446329120,0.0
7882548758247420,0.0
6612802501371650,0.0
2878420951453810,0.0
8248304788235570,0.0
8954763709539550,0.0
1887516072248130,0.0
8123136401895200,0.0
8772970840924600,0.0
9210985579490640,0.0
5915897361779220,0.0
1098182733194350,0.0
9067856140434550,0.0
5284501986844450,0.0
5568161665880280,0.0
7901169587327050,0.0
9249360435001410,0.0
1484177004277760,0.0
3029856558295060,0.0
3902538947275160,0.0
9886252436913990,0.0
2045132674700510,0.0
5364898631420710,0.0
9994323228076580,0.0
5919637746542130,0.0
9853201026184190,0.0
7086499974820050,0.0
3970164105623480,0.0
4717460279003560,0.0
9128928771803070,0.0
6483393174976600,0.0
4814627561519660,0.0
5783853085083440,0.0
8633251288160290,0.0
8286828761228250,0.0
4773186976224000,0.0
3543706650444760,0.0
2787824510306320,0.0
6292304254986740,0.0
6976856118266760,0.0
7786976600066430,0.0
2933995393173580,0.0
7730610850729320,0.0
3259563524414680,0.0
4780297572813220,0.0
7547689834664130,0.0
3421113868844870,0.0
2440337659369240,0.0
7786436133547340,0.0
6485458178584180,0.0
2599971470074410,0.0
6681769611278740,0.0
2590005681083780,0.0
1602388444303280,0.0
7275608004834890,0.0
7455830318380620,0.0
4578149180159170,0.0
9631479177939550,0.0
3674222540140370,0.0
3721316212433450,0.0
7635043972599800,0.0
5229457178102810,0.0
5352490171948520,0.0
1724702637074410,0.0
1651974164276160,0.0
4963782768788140,0.0
5639221893236910,0.0
7420554226756430,0.0
7489860513864010,0.0
9431603171880070,0.0
6377134146072310,0.0
2535461056025150,0.0
2036339368064190,0.0
1524923083569260,0.0
8340979018869270,0.0
1796827276038900,0.0
6593936952908350,0.0
7870549626938720,0.0
9877105963196990,0.0
8097127433890030,0.0
7638447497497350,0.0
1520166332653230,0.0
6652017674325280,0.0
4317525076004590,0.0
4274976638621320,0.0
2365631350399210,0.0
9798380614457520,0.0
4738696502316790,0.0
6906420453457390,0.0
7567070173798140,0.0
9514540419645220,0.0
6089492495545180,0.0
1713903577360840,0.0
7008306086110780,0.0
8111370433788870,0.0
6380012291688020,0.0
7059133586662730,0.0
9919740890273570,0.0
6341783779302870,0.0
7544120693698610,0.0
1092773631674440,0.0
7793390225052700,0.0
3582000566646140,0.0
1903908402632330,0.0
3480452858043390,0.0
2322205603306100,0.0
9522111399438830,0.0
3858329587754610,0.0
6457707757924660,0.0
1802281080189070,0.0
6705392150298810,0.0
4118556499341570,0.0
6926034614388610,0.0
2328606104527120,0.0
5444313143844870,0.0
4978644047588520,0.0
1332872256124690,0.0
1951089863832220,0.0
3860254563679900,0.0
7611111190550740,0.0
5010620439404540,0.0
1369212481160790,0.0
5920891080858800,0.0
1830128997266950,0.0
3809772904185110,0.0
1914621040833300,0.0
3714331185027400,0.0
8284799112438200,0.0
7522217022379410,0.0
7072005962235590,0.0
4604521095329070,0.0
2375900948021210,0.0
5755540669448840,0.0
7568135371501900,0.0
5105020194525680,0.0
3645698233971140,0.0
8404866555222500,0.0
2164639429714670,0.0
8788771500812900,0.0
2523766160021620,0.0
3984896942513220,0.0
6052174877749660,0.0
7271137915234300,0.0
3945554613199240,0.0
5458956903902310,0.0
2036989170277390,0.0
8608621144132520,0.0
6342268962258950,0.0
3067518990351740,0.0
3495911659543380,0.0
3532001425550460,0.0
5963533789730660,0.0
6370582331006610,0.0
1663198234032540,0.0
4770131053593260,0.0
5842115692369090,0.0
7289988927588200,0.0
1773060231224800,0.0
8478631980851700,0.0
5682506427893290,0.0
1972438245618610,0.0
7493840296083070,0.0
3889652850381510,0.0
2590671546482760,0.0
8361406210350300,0.0
7760734604297220,0.0
4569951707150460,0.0
6700724311557190,0.0
5270011766960890,0.0
6807469704787630,0.0
4019715693250380,0.0
8931888734458520,0.0
9828443950986220,0.0
4836079271844870,0.0
6514607929966130,0.0
8182723011574770,0.0
9107406457105930,0.0
9295019875965130,0.0
5576895357167980,0.0
8632888959644170,0.0
8708420910269540,0.0
9728622097286890,0.0
9201622160350280,0.0
9705522434798510,0.0
4754159141025980,0.0
7898630668591200,0.0
6243594326655890,0.0
9343419633453130,0.0
3610961888511130,0.0
7172105319431520,0.0
6810137515469950,0.0
4093658900986600,0.0
4958727834648770,0.0
8455692358418340,0.0
3983548945152680,0.0
8898692185508290,0.0
1627355556064560,0.0
1948702236313330,0.0
8371945656491390,0.0
6243338541948860,0.0
9503415286711390,0.0
7929918342647070,0.0
5408664511695450,0.0
5405448101327180,0.0
9648804225519830,0.0
8846006807196230,0.0
5616167546116180,0.0
2294468728791310,0.0
3913488097298080,0.0
6696603974620440,0.0
8053069727799220,0.0
3662117572090830,0.0
6790783743455180,0.0
5019555295809870,0.0
6496031044643690,0.0
4437249306340510,0.0
1499184468634290,0.0
4030794016446700,0.0
4175300752317860,0.0
3889380801194290,0.0
1100912569878110,0.0
4266242310507310,0.0
8470496296860240,0.0
6673505852861000,0.0
2026462122085140,0.0
3753571919896930,0.0
5534732229051730,0.0
1368076213163140,0.0
5379300036454250,0.0
3349713013988560,0.0
7047683215255590,0.0
4685928045518940,0.0
1581580795665130,0.0
6661939162233010,0.0
2173883724477650,0.0
1143297667498450,0.0
1550561755886200,0.0
9698222882048850,0.0
9749727924343350,0.0
8346145953965590,0.0
6027338830713730,0.0
6192236375699170,0.0
5181663749856690,0.0
5617764386237210,0.0
4832332051788590,0.0
1584077752115370,0.0
2893634255064650,0.0
9410819564299550,0.0
6469945491316520,0.0
1224772761979680,0.0
9527278708904670,0.0
8039818971810360,0.0
8695794833936000,0.0
1145562125846070,0.0
6891682582224780,0.0
1208342238344520,0.0
7225109941339940,0.0
9808514754131810,0.0
1706747102708610,0.0
2521806330127460,0.0
5178919229476610,0.0
1271730028147320,0.0
9812013862891620,0.0
5702405466185140,0.0
6280080092582860,0.0
2488645074742170,0.0
2791221894070480,0.0
1301594984367690,0.0
2893218456992620,0.0
8231211543220740,0.0
4120472340973690,0.0
2350691159694190,0.0
3443647376811540,0.0
5615416658164700,0.0
5852430456509520,0.0
5646116701742270,0.0
3229629619719710,0.0
6296008054245360,0.0
5908376663156390,0.0
6730018714314820,0.0
3527639368513520,0.0
3820229905033080,0.0
9812671308033350,0.0
7277332788141650,0.0
6134249415905840,0.0
3882808164680810,0.0
4571593308639080,0.0
8752355923473060,0.0
2804485284981620,0.0
3981254467683810,0.0
9772399750284740,0.0
2973299297284870,0.0
5989240516807120,0.0
4790464394019830,0.0
9024140257587800,0.0
3788303974771890,0.0
5677219507950690,0.0
4435545522512870,0.0
9646180043218680,0.0
4520393879573770,0.0
3147565470858830,0.0
8393498581891330,0.0
9498946735710540,0.0
8626732181297400,0.0
9616784705685360,0.0
9462878905617690,0.0
9098183524906290,0.0
4010006559315930,0.0
2447693444986250,0.0
2825909708246080,0.0
7420494614432040,0.0
7387731267898880,0.0
1356010449586600,0.0
3546552790350900,0.0
1828844268962630,0.0
6371692268631390,0.0
6158494814584230,0.0
6469882161240650,0.0
4619012747491930,0.0
5629039681586540,0.0
8996000686081960,0.0
5830373152513830,0.0
2071052905926700,0.0
9137695307558600,0.0
7229222439456770,0.0
6230395677474990,0.0
1074661213344470,0.0
3073914889945290,0.0
7588078633438340,0.0
1159595043665960,0.0
7654690857346930,0.0
5252294938145830,0.0
7401808299062070,0.0
5611750715371720,0.0
9464696308964380,0.0
8232486383416390,0.0
2655716874845100,0.0
6562131117938380,0.0
1921366192172590,0.0
1871213460111610,0.0
8254989660862060,0.0
1555561151493970,0.0
8336834090808850,0.0
6185801793664760,0.0
7098313138291360,0.0
6214590853855920,0.0
5487199839548250,0.0
3947309631455080,0.0
2994446757565440,0.0
9946339143435410,0.0
1557318518947210,0.0
3956031700588450,0.0
4616271751021250,0.0
2817146071526060,0.0
4660988631238660,0.0
9538743096224500,0.0
4693194203536400,0.0
8514690867939070,0.0
1947163370420330,0.0
9895164944366660,0.0
1375072911347810,0.0
1561734302039980,0.0
6947075817993910,0.0
9643096743801800,0.0
9039847631333960,0.0
3985379059743080,0.0
6644143693126080,0.0
7537849295426290,0.0
8961970358917560,0.0
3759019421093080,0.0
8109085503909240,0.0
4806727171236110,0.0
8877702673502720,0.0
7360423728260680,0.0
7039578702191910,0.0
7962429392133290,0.0
4841944249733020,0.0
2749349850998900,0.0
3381423766706620,0.0
9881867235493450,0.0
4020152186675900,0.0
4357114472845200,0.0
8265704509282910,0.0
6938345979715030,0.0
3930629448299550,0.0
7403644798165330,0.0
2717632278035040,0.0
3551107447312340,0.0
4450510908469890,0.0
4506956789338770,0.0
4428034684424430,0.0
6936894329843340,0.0
6241116958921300,0.0
1045287132962990,0.0
9843184158686730,0.0
1461724355845890,0.0
3096384924337980,0.0
2789502086945040,0.0
5628588239737060,0.0
9347185155473330,0.0
7308184202444420,0.0
8337911054830530,0.0
4585371913798890,0.0
8069049935079320,0.0
1532989692720390,0.0
7740436714755860,0.0
2644721104493190,0.0
4902118497889470,0.0
1170980177142740,0.0
3215255162656770,0.0
6871160302481400,0.0
6868686837101080,0.0
4324103211473500,0.0
6985217014836500,0.0
1673975310378910,0.0
1009790192976260,0.0
4180330074808250,0.0
5512030118013820,0.0
7782537943733070,0.0
5641851421942430,0.0
1400106325386810,0.0
8032594804059940,0.0
6119887645337360,0.0
5295398448252090,0.0
8519314171555000,0.0
8125573777104900,0.0
2178993701495810,0.0
1569069355158780,0.0
9988329633265100,0.0
9629604873831340,0.0
4125884601173550,0.0
9232365474151250,0.0
3667642308473170,0.0
7422365373376330,0.0
8097327691017260,0.0
3390514976120530,0.0
9315101141668090,0.0
5906848795758900,0.0
9595166681243770,0.0
2409065589792600,0.0
1901297087239320,0.0
2768041278806470,0.0
8724927271181330,0.0
4985370048761450,0.0
6112137198477000,0.0
9570982199667040,0.0
9010737867463450,0.0
9642850070979590,0.0
7195219864263860,0.0
3295278728131390,0.0
6433609168239780,0.0
3287493633424040,0.0
8986158416564920,0.0
7001889794784420,0.0
1143265018809000,0.0
6464683586408110,0.0
7260772093198340,0.0
6121773595786850,0.0
9169473684964730,0.0
6391623249592050,0.0
9442687237886460,0.0
3349683735470300,0.0
8944779268554610,0.0
8128631524121180,0.0
4872677042578080,0.0
6879921709231660,0.0
6951845331115950,0.0
8252632055291320,0.0
5485823227092970,0.0
6849242850094290,0.0
3110479991869060,0.0
7301799980483620,0.0
3147094668688490,0.0
8741673594036230,0.0
4512904069353250,0.0
1485782578221770,0.0
4011049076167300,0.0
2802710367804890,0.0
2011266708864560,0.0
4822873256881360,0.0
5966762094640430,0.0
6444350690900320,0.0
3413235619770160,0.0
1707276642455540,0.0
1848301748321000,0.0
7060179875464120,0.0
3368989483019420,0.0
8222716820429850,0.0
8005809444298040,0.0
6211710671405860,0.0
7839727979610950,0.0
5781946022190970,0.0
3993702939272220,0.0
6571809196115850,0.0
6878851923458500,0.0
1935247874164140,0.0
9079430390275730,0.0
5283441250667050,0.0
9899146249429190,0.0
7001455036424120,0.0
5037564276788750,0.0
6291348145400090,0.0
2600979871881170,0.0
9650112032451780,0.0
8107063961246530,0.0
4256843623395290,0.0
7975479922732490,0.0
5250952521252050,0.0
1265554590029230,0.0
5634366967968600,0.0
2641960749586150,0.0
1197124995667470,0.0
2578094439859860,0.0
1795507514875930,0.0
4900619987835240,0.0
8931917339685490,0.0
3389353429378800,0.0
5893927162446320,0.0
7683143437352790,0.0
1697296627497770,0.0
7131782548878740,0.0
1538102278824680,0.0
9964188024915350,0.0
4015889368984570,0.0
8260974432135270,0.0
5860213451152920,0.0
4000347414036100,0.0
9229831838636000,0.0
9649135628805230,0.0
5173601943894640,0.0
8007672099260980,0.0
8469451655512560,0.0
4396702444148020,0.0
1239171555532400,0.0
2575924037958990,0.0
7354329401171050,0.0
9583240502875460,0.0
6410718729323190,0.0
6790933022384420,0.0
8455174664618140,0.0
9922055602723410,0.0
9191240622707630,0.0
9772735841336760,0.0
8208760078576670,0.0
3012154274097720,0.0
8565885085331240,0.0
4538124760587260,0.0
3832050710460640,0.0
3838948239820860,0.0
9972151565581620,0.0
9675299941186760,0.0
8084623955229700,0.0
3603963258790210,0.0
9278370216364240,0.0
6886939205271750,0.0
6982216730578260,0.0
6472987372120940,0.0
2913840873858420,0.0
6964610161493610,0.0
9039778249584720,0.0
4966131596489460,0.0
4345837964893830,0.0
5609796588114160,0.0
8210958348157580,0.0
7788667661449210,0.0
6071170700448950,0.0
5899813265488470,0.0
5983194278393410,0.0
9925984898059800,0.0
3012190818763160,0.0
5252137316387370,0.0
3113397296748350,0.0
2926651496508470,0.0
8311803240044480,0.0
5998947411366050,0.0
6272939272283110,0.0
5249874308735260,0.0
9010784162177980,0.0
1307764756270320,0.0
8058829624022300,0.0
9211330493993680,0.0
9627322318099110,0.0
2885891475354410,0.0
5559891223614890,0.0
1056796117027290,0.0
2968245838185440,0.0
6210101874296390,0.0
6199015654709790,0.0
9478964518602970,0.0
1378363909515490,0.0
1779001907213520,0.0
1417450297102990,0.0
5097476081806260,0.0
9705195577395750,0.0
8002203338741720,0.0
9613390332215820,0.0
2949733455569450,0.0
6989172492119330,0.0
1405043800897450,0.0
4423356805964060,0.0
6693152059403870,0.0
3757175815543670,0.0
5698854610403270,0.0
4160363757204500,0.0
7896001564843210,0.0
3141478806375920,0.0
1180266756938150,0.0
3701916550332880,0.0
5985124675421720,0.0
3696772031991270,0.0
9313064952061590,0.0
1122300466462220,0.0
9679447144382510,0.0
4082465886039590,0.0
4112982082323100,0.0
5838578326117020,0.0
1884770444858070,0.0
6333924484741490,0.0
4425946461478250,0.0
8416274586883310,0.0
7215733278204530,0.0
2446393630475680,0.0
3440791049361610,0.0
8679533502879230,0.0
5958215233675040,0.0
7988867586490000,0.0
2876743633148960,0.0
4533183231618320,0.0
9947413225101250,0.0
1973825061722260,0.0
1291733204178650,0.0
6400992492849110,0.0
7832604255185650,0.0
4011121905708030,0.0
3633045899697920,0.0
5219341529369440,0.0
8426696627525400,0.0
9247835992636020,0.0
7510518590135240,0.0
7166442051589950,0.0
6652487859494760,0.0
2455286308443220,0.0
3037444328387060,0.0
3232461418848990,0.0
6148444397822830,0.0
7752978347629640,0.0
1757380013843720,0.0
6312674144492910,0.0
6083769141485480,0.0
8277012852734260,0.0
6348050782225070,0.0
6291772591387640,0.0
8370878976557670,0.0
1467342855609620,0.0
6881266769651110,0.0
5921062604908280,0.0
8607276795480310,0.0
3093622553218730,0.0
7713001189671950,0.0
3339879715366590,0.0
4512454318224080,0.0
2883574309380500,0.0
4278308864270030,0.0
5232716976633580,0.0
5313931086926020,0.0
7934685700408330,0.0
1980657018343060,0.0
5047208595060720,0.0
3262785297575370,0.0
7536478367322490,0.0
8064626716547960,0.0
3089668091983700,0.0
9767089958977270,0.0
8201436042637360,0.0
5988897150404170,0.0
6033481363833650,0.0
5039664141093970,0.0
5418923796082510,0.0
3093722747674970,0.0
3687444225142380,0.0
4318363857845690,0.0
2348977528029990,0.0
5044671840908410,0.0
6597954178789900,0.0
1119430742978020,0.0
5608100766385290,0.0
7758146833788570,0.0
7484668849350250,0.0
9885900822291500,0.0
2051930376324200,0.0
5184478193883710,0.0
8991420591146190,0.0
5643439740640310,0.0
3138555215607890,0.0
8360954794138440,0.0
1240422674388220,0.0
5830350844301140,0.0
6583255516968410,0.0
6524348977639490,0.0
3686434357190050,0.0
6577639576520240,0.0
2267549696544300,0.0
3070461524571580,0.0
6838934973815200,0.0
3947047238602450,0.0
9235974241301890,0.0
2111149675006920,0.0
9731732946354260,0.0
7842145473450210,0.0
8338132059013060,0.0
5074481929144330,0.0
7103904327809030,0.0
5919375938997680,0.0
2222831850996120,0.0
7355453730344590,0.0
1530585756110690,0.0
3009398288634750,0.0
5832835931169770,0.0
4629164923778600,0.0
8438444638196180,0.0
6363523492049700,0.0
2148835296415690,0.0
2270766839589890,0.0
4681225482055620,0.0
7294524108415820,0.0
6842622575739000,0.0
3778412360418000,0.0
5829582437977670,0.0
6185055028327910,0.0
9369410123159580,0.0
6550700543921940,0.0
5315065275570720,0.0
5989435779129230,0.0
8233618479613910,0.0
2710569057728120,0.0
1306202335270290,0.0
8693505913964540,0.0
9805590949456420,0.0
7567526141873640,0.0
5155372248383170,0.0
9918094172528920,0.0
8787918644353470,0.0
2547001350702700,0.0
2283160243774550,0.0
5396094682793640,0.0
3359484804557290,0.0
3488559833208180,0.0
3366024164339300,0.0
5672997421518390,0.0
4177655793370020,0.0
7417349890553110,0.0
3391713550338400,0.0
2915068818936340,0.0
3589375565801700,0.0
3222504651730940,0.0
3231843388135800,0.0
9059690555242940,0.0
4368019482954740,0.0
1207433807795070,0.0
2051931619808890,0.0
9791263144865150,0.0
7512741603939430,0.0
5869250399296550,0.0
5340443894668200,0.0
6807751704407890,0.0
4179278425653150,0.0
3053987625558400,0.0
2922229106899190,0.0
1457177554458630,0.0
1926659056839220,0.0
4437612071660290,0.0
9704634891412900,0.0
8666021100364790,0.0
3118652076648770,0.0
6276846188403530,0.0
9957321460425120,0.0
7439498725915710,0.0
8613394822203530,0.0
1485186768248440,0.0
6698533305273100,0.0
4858637856201780,0.0
1011263313719740,0.0
5441346989848110,0.0
2324216154228120,0.0
3551462914767420,0.0
7408821200059280,0.0
7291197803198200,0.0
4376289629529130,0.0
8825511117575410,0.0
4976529436150450,0.0
6344126806370830,0.0
2174833644550330,0.0
1684618030262550,0.0
7467591287249860,0.0
2410415816068180,0.0
6219177789994420,0.0
2064751620003740,0.0
1326569874019360,0.0
6287629490110470,0.0
2238426141413560,0.0
3397460114129100,0.0
2685934258405680,0.0
3305929107286450,0.0
6252459625512220,0.0
2006533312062190,0.0
6875915693004970,0.0
1406252947015860,0.0
1942651304992340,0.0
1875510383347410,0.0
2088851355435450,0.0
9877649986689630,0.0
3022684222428910,0.0
5029981146703000,0.0
9379682583261290,0.0
6959059037753450,0.0
8327527438629980,0.0
7646443601348680,0.0
4016886772679780,0.0
7490281804556780,0.0
8107718334620050,0.0
1205102108504000,0.0
2339209879140190,0.0
7204288138856010,0.0
2423117037301700,0.0
2713559404106160,0.0
5786260645181590,0.0
2792330017533160,0.0
1598917822315750,0.0
4842850422163460,0.0
4804007215878790,0.0
5848048733897550,0.0
8601805888824320,0.0
9305599527866610,0.0
1851648475947020,0.0
7449715985926720,0.0
5677505520885220,0.0
2936253947009400,0.0
1664173417436650,0.0
6837761251800800,0.0
1206765773836230,0.0
1089918555376630,0.0
6631982014426950,0.0
8031726452513060,0.0
8147817186605770,0.0
5179596870491760,0.0
7598850587953550,0.0
2645936906194460,0.0
6274965520189270,0.0
9287474983247920,0.0
1175823955458080,0.0
8695920349551240,0.0
1917443908902750,0.0
8941343857613600,0.0
3215558256298860,0.0
8461844281554060,0.0
9559434125905620,0.0
2984217819386850,0.0
6684498682760020,0.0
5705739911261100,0.0
1897315944742580,0.0
4617865376454580,0.0
6134482660820350,0.0
4517209787933890,0.0
4329085899031380,0.0
3516342286104320,0.0
3025436520497400,0.0
3502696311466600,0.0
2247615871937310,0.0
2607943475670780,0.0
2314184403098630,0.0
2791168953665640,0.0
8499933137024560,0.0
3751001118489120,0.0
7940213932142790,0.0
6376957017018280,0.0
7743694670188930,0.0
5906440448466150,0.0
4489382686187620,0.0
5494607271866320,0.0
3708849905392240,0.0
1052016841142360,0.0
5919539394036430,0.0
3131209154478200,0.0
7766697215254070,0.0
4865479547212450,0.0
8976207901826180,0.0
4307989719564590,0.0
8769712017012420,0.0
2860789138034520,0.0
2703613474723600,0.0
8566262035626300,0.0
1187904932754030,0.0
8117473253260390,0.0
8386032728654440,0.0
8238674466494580,0.0
7835405264803880,0.0
4287334651146450,0.0
1175407718084030,0.0
6099707313276330,0.0
3792080257933310,0.0
6008201806634500,0.0
3359329892651920,0.0
3415834962123930,0.0
3677037843121100,0.0
4922449506650090,0.0
7693969505053250,0.0
1435861575654430,0.0
5432441754624980,0.0
9742748213617350,0.0
8606701255322070,0.0
1757234721781120,0.0
9833323029497530,0.0
4143537411598060,0.0
2579893086228380,0.0
1451371283063100,0.0
3013340076602900,0.0
8566194695623160,0.0
8604305978107410,0.0
2116676856858280,0.0
5519870625361180,0.0
8442042005023640,0.0
5619562077188540,0.0
7989499314224590,0.0
8893003047775380,0.0
2964889385311430,0.0
7499369774368850,0.0
3306944476201700,0.0
6578237584812470,0.0
2892605499951340,0.0
3755781148880840,0.0
5968156422359000,0.0
2923057302525220,0.0
9699805604553260,0.0
7827252566836470,0.0
3111314650409070,0.0
5617850433178380,0.0
4542355155599750,0.0
9112742787536620,0.0
4461243768327440,0.0
4894542879290480,0.0
3895561475351950,0.0
1751754565864110,0.0
1632852184138090,0.0
8969537407702910,0.0
7610834685495760,0.0
2234356748723100,0.0
6934349562502030,0.0
1164830434314540,0.0
1813303671472190,0.0
9889867399612840,0.0
9331264493084290,0.0
3361855947555860,0.0
2641054347726700,0.0
4620916772433060,0.0
8090353448572100,0.0
1813965247110730,0.0
5772402663476920,0.0
1455717178933180,0.0
7780114382847500,0.0
9559507367206810,0.0
5318312788072140,0.0
2043889627669490,0.0
2928329994615780,0.0
5119830633995080,0.0
8096989210139510,0.0
8376715017340540,0.0
6355098079823520,0.0
2790248577033360,0.0
7682251409125030,0.0
1622388607030680,0.0
7657061645153550,0.0
5603802447902410,0.0
3751647464253910,0.0
3599757127001640,0.0
6545837118858890,0.0
3594664798881720,0.0
2520190814757630,0.0
9894093476582040,0.0
7065986151912940,0.0
5810191937102600,0.0
4751617652664280,0.0
9488052895373600,0.0
7971449442337690,0.0
1797147636549780,0.0
7243504999187080,0.0
8368548130276570,0.0
3094874247427510,0.0
1601673728138150,0.0
3982890365433610,0.0
4889136724531640,0.0
4605985427330930,0.0
1438209125810090,0.0
4000363622903530,0.0
9522335792857530,0.0
6574432189378570,0.0
9648533335826780,0.0
1946100770813050,0.0
7961748797914370,0.0
2223765594752450,0.0
8967073946373050,0.0
2653225375405730,0.0
6342229034425680,0.0
6046180472875720,0.0
5722579408592850,0.0
5284381340050490,0.0
5480491405125650,0.0
7941250905465850,0.0
5809286604497520,0.0
4069165383315450,0.0
8147911924712820,0.0
8487904930716230,0.0
8174763827621320,0.0
2356632403972300,0.0
3915223422574420,0.0
8000785542000240,0.0
7244330801048570,0.0
1333267634464140,0.0
4343013169857040,0.0
1803556554622120,0.0
9871051329352670,0.0
7571111749994580,0.0
8844532712013780,0.0
4011446056562020,0.0
7781289099439650,0.0
8472007975118450,0.0
9974647399531280,0.0
9562999043450290,0.0
8410255182913490,0.0
4282928485545300,0.0
9248000818770740,0.0
8695986237552220,0.0
2922981513395930,0.0
5232573139498230,0.0
3024147862509780,0.0
2461296259799710,0.0
6185345833581270,0.0
7922559126264380,0.0
9684364127832600,0.0
4956680808835990,0.0
5920551563244740,0.0
3826753312650810,0.0
3718950402955390,0.0
2442213719258600,0.0
5415530155583560,0.0
2144087105642930,0.0
3203879330583750,0.0
5954983835423190,0.0
4152593984996010,0.0
8067607394086540,0.0
9033151671623180,0.0
9657840585522480,0.0
6381591011963560,0.0
2576473635847610,0.0
3786155632160280,0.0
9341956917085740,0.0
4423263099700740,0.0
1359154637064610,0.0
5414608388389730,0.0
1879844904278620,0.0
5444434082149070,0.0
4567975281460760,0.0
1874249319208340,0.0
1156878973763400,0.0
3724940835063790,0.0
5882905734141310,0.0
4491851384681770,0.0
5721422372370060,0.0
7659410072471970,0.0
6537853034128020,0.0
7073907525360130,0.0
8478089396369100,0.0
5329501269899520,0.0
2212347335069390,0.0
1088614466819840,0.0
3039642271816920,0.0
6326214709502890,0.0
2831521915249550,0.0
5919243443056660,0.0
3800024731070290,0.0
6810615877426570,0.0
7760581072280110,0.0
9998984545791300,0.0
3495931291173110,0.0
3325060498612230,0.0
7759046479501170,0.0
4697687211249280,0.0
3043669423274590,0.0
4583657442995500,0.0
4381344762480010,0.0
4070539123363340,0.0
6079697068694900,0.0
8111651083940450,0.0
6942797412576660,0.0
2881984655438210,0.0
9892175193088240,0.0
1821190495413440,0.0
4953724458939070,0.0
3133296636431090,0.0
6856506453831720,0.0
2378387506039020,0.0
3421342658374190,0.0
3945425686959060,0.0
6093291880205040,0.0
6183765800461170,0.0
6081039668370210,0.0
5257214385488710,0.0
4249213369224910,0.0
3381052203889030,0.0
9912330193720450,0.0
1718186090142240,0.0
7991499343283080,0.0
3745407180014750,0.0
4791291199658310,0.0
6349827186908040,0.0
8615534928570660,0.0
9496180600155420,0.0
5890188071397010,0.0
7297173958450350,0.0
6811230564989920,0.0
6515659031450120,0.0
3274115862728660,0.0
2407781184569570,0.0
2935906518642910,0.0
7427191760838800,0.0
9248442100930270,0.0
4700800778972170,0.0
9261275191813580,0.0
1425405730644610,0.0
7197500289941140,0.0
6788856641825680,0.0
6495819868689520,0.0
2678683012059820,0.0
8864054801015670,0.0
5918962195327840,0.0
2203156032188740,0.0
8106017048992130,0.0
9774685519500120,0.0
4451015076396340,0.0
5616574837328030,0.0
4270800333150580,0.0
7528424092371270,0.0
4851986959406810,0.0
6107195485806930,0.0
5493797983831960,0.0
6179713892185370,0.0
8153579519997320,0.0
8677165007138930,0.0
7211231524682020,0.0
3181017563409640,0.0
9046659731808250,0.0
9372293263504280,0.0
7412254748103830,0.0
5418491193816340,0.0
3576657995504730,0.0
8222173425632050,0.0
9756606391979950,0.0
1031221557930280,0.0
1438900139048380,0.0
6552462579970040,0.0
4175378669317740,0.0
4991750658020730,0.0
7957888327153230,0.0
3093034711319330,0.0
1346109185495050,0.0
5660798437728540,0.0
6370879350315550,0.0
9024875722414490,0.0
4453373781502180,0.0
3352574908917620,0.0
7780471070941700,0.0
8346068292869850,0.0
3237081649042910,0.0
7125732817192690,0.0
9973957849451540,0.0
2342487035172720,0.0
2484946575254610,0.0
2678955351298750,0.0
7678303564445010,0.0
1361253622947070,0.0
5027916222049780,0.0
2704364879849950,0.0
5740369080735170,0.0
8226128013039750,0.0
8961439186998500,0.0
3082079833151370,0.0
1838765765007120,0.0
3032966123396950,0.0
9764630680768980,0.0
9009549531368940,0.0
2543274246284410,0.0
3435277780030290,0.0
1286799037272420,0.0
6544091726088850,0.0
4604838109699160,0.0
2657541203475040,0.0
2670316598512370,0.0
5945374275396240,0.0
4268281785433730,0.0
7489395282002230,0.0
3816048825379660,0.0
3964281806528090,0.0
4849080733637530,0.0
2361539868676280,0.0
5064601677353060,0.0
7783473940584920,0.0
8249847870235310,0.0
7879902096466200,0.0
8715609809990080,0.0
5861314990240600,0.0
8529927550897540,0.0
2008681348098300,0.0
4526469309308580,0.0
1157813537075360,0.0
3642413952855150,0.0
2244656352193580,0.0
6500176795062180,0.0
5906043697555840,0.0
2692944874380330,0.0
8910917261063420,0.0
1376586905158920,0.0
5314706103531030,0.0
2619501067649740,0.0
7764077255297900,0.0
2812005101912060,0.0
4793977645251310,0.0
3442961056324420,0.0
5668133819066930,0.0
2515756739506890,0.0
4735248731260570,0.0
5388089407876310,0.0
1635124808153080,0.0
7770941581386530,0.0
9178832627179870,0.0
1391813051436150,0.0
5960568892029980,0.0
9418602940505570,0.0
5623735357367030,0.0
9866601313219800,0.0
1096703594304970,0.0
3596207053336320,0.0
1838630832067600,0.0
9557955648213330,0.0
3762779097540000,0.0
8858000369411610,0.0
7780040207629530,0.0
5871556308304370,0.0
2273540318556470,0.0
5563821543290850,0.0
2451331994615260,0.0
6715198667815190,0.0
6898425819158140,0.0
8068815962780140,0.0
6827657656934090,0.0
5656404823505690,0.0
2986450332260760,0.0
2152061154808390,0.0
7081248419017830,0.0
6626199742160010,0.0
2101410477739450,0.0
4257922932185490,0.0
9367004943962340,0.0
9393392291892020,0.0
7270446418915290,0.0
9383275586936010,0.0
7537175063508130,0.0
4265485808398040,0.0
5480485503702350,0.0
9126601579204010,0.0
8914291216858670,0.0
6792949428293140,0.0
4060426457558220,0.0
3837229167807120,0.0
5306538154834850,0.0
9452755326821680,0.0
8286479584998080,0.0
2852658356061630,0.0
2396363689471080,0.0
9896062464944740,0.0
7780599858027280,0.0
2050209878812040,0.0
7318475581338580,0.0
9659113129427800,0.0
8043847038736000,0.0
1789428208334430,0.0
9084586747577190,0.0
2282115022783880,0.0
1602813363432200,0.0
3011535112143830,0.0
2620557256396650,0.0
3442879157532500,0.0
3498492727158440,0.0
8160603116918890,0.0
1938107617118280,0.0
1212461509187190,0.0
6363164156399920,0.0
2512186774526340,0.0
6493090471137870,0.0
3788883165554220,0.0
8961744870997160,0.0
4049903657871790,0.0
7780471070941700,0.0
2015162737720380,0.0
6883611737204500,0.0
7780273349876670,0.0
6553436003696490,0.0
5313440363779240,0.0
1099089481257650,0.0
6552138655209800,0.0
8639561629348130,0.0
4580443786574450,0.0
6156837452579720,0.0
3256280341654710,0.0
5562576188786540,0.0
3621823143447760,0.0
8013387382815110,0.0
9542450790082450,0.0
5043806319147500,0.0
3005252787741610,0.0
7566568714998030,0.0
9195938437559750,0.0
2118811216457630,0.0
9602342403962430,0.0
7819595676861790,0.0
2978186504619990,0.0
7353102694505150,0.0
9749970066022310,0.0
2558248194883970,0.0
3682587942145070,0.0
9739264075002730,0.0
6056510959252140,0.0
2655435197966100,0.0
8492472961196000,0.0
5271719423722120,0.0
3271296225358870,0.0
8697426775347580,0.0
6454859113081150,0.0
6110283009009860,0.0
2600321500206850,0.0
3934146471763660,0.0
6205246044587560,0.0
1606328128809300,0.0
1206916066136620,0.0
3175598275539690,0.0
5164463505598240,0.0
3584634413291370,0.0
1354749369981170,0.0
1874598457900440,0.0
7577128406917060,0.0
8807410347303810,0.0
4616258519603220,0.0
7950318425852680,0.0
6266292757896440,0.0
6564201439859570,0.0
2001718279387230,0.0
1067735087146970,0.0
8129903982577800,0.0
4664207357706330,0.0
6686543780289060,0.0
9493238721408650,0.0
6070317532157560,0.0
4050035294944090,0.0
5384074008379960,0.0
4143947127182020,0.0
9229177386805420,0.0
7004113274731090,0.0
3906482965711290,0.0
2592303746899360,0.0
9274300439984520,0.0
8151246389092320,0.0
7759685892702000,0.0
7062098986356670,0.0
2909306747455940,0.0
7380131393308290,0.0
6141183981215880,0.0
2590573817126410,0.0
7398781988528230,0.0
3482075500380200,0.0
3843836285027970,0.0
6158946971352610,0.0
1375264436209030,0.0
9985067386439450,0.0
9261750220359050,0.0
2801446278729890,0.0
3519655225653150,0.0
9459535367110340,0.0
1717716125291910,0.0
7465832350005220,0.0
3913510723494830,0.0
8193204379704340,0.0
5670542453938090,0.0
5893896584870030,0.0
3020185212346490,0.0
8972194341389690,0.0
4824932025223850,0.0
7580624741218010,0.0
9812271267581570,0.0
8726610138781010,0.0
1630601260580830,0.0
7614731662568770,0.0
7612284288230830,0.0
7107233237710460,0.0
1415557736355110,0.0
5700038214129210,0.0
1908134648455220,0.0
5093947510022870,0.0
2579102441490310,0.0
1153450389709980,0.0
1791814881782530,0.0
6500360090681980,0.0
4812050259280850,0.0
3840494099229590,0.0
8090068411667050,0.0
5390594677657330,0.0
8485558039714170,0.0
2726919074334080,0.0
8575385010838680,0.0
5510034160809090,0.0
6992716871451380,0.0
8013995810709250,0.0
2922596470823910,0.0
5522921386121280,0.0
5428006399282500,0.0
6174146494159920,0.0
8357148144505910,0.0
8978741906335630,0.0
2395604821820400,0.0
1463351511857360,0.0
7445162316509490,0.0
2171605362820420,0.0
5425578616864450,0.0
4178040436657520,0.0
2250435463440860,0.0
4362634991645850,0.0
4145528339921030,0.0
8606251262601010,0.0
5345619981087030,0.0
1870926998939260,0.0
5738841252563980,0.0
7121145693259050,0.0
4491221726913930,0.0
5869612197427760,0.0
8885006671195870,0.0
4419167754653750,0.0
2615986161499850,0.0
7919438196927050,0.0
8059190195784590,0.0
9277926349100230,0.0
2504644088838390,0.0
5440999848589740,0.0
5651975512612870,0.0
4107314291740440,0.0
6106829489744760,0.0
3945020256887920,0.0
2529627348464490,0.0
8136918480980880,0.0
1167136973393940,0.0
7532999989129220,0.0
4949448217571730,0.0
2628002461397790,0.0
9660916345343050,0.0
9704401475639790,0.0
3344681682120740,0.0
9527635624846260,0.0
5244572528834670,0.0
7694579350166510,0.0
4075638044131840,0.0
7385021129833990,0.0
1004882219829510,0.0
3185272937992890,0.0
1835597450255010,0.0
9473230805525530,0.0
4187564810799170,0.0
2283436706746520,0.0
6729885856103550,0.0
9509138638439280,0.0
7944872886086790,0.0
7520362071383320,0.0
3609373759059340,0.0
4966293937750010,0.0
9082876780421600,0.0
7123901832137010,0.0
2640692945079730,0.0
9024001462822760,0.0
8311132465903360,0.0
7812584289227420,0.0
7282243229540840,0.0
2739854954941490,0.0
4611831755045450,0.0
4282638807016480,0.0
5793181128167000,0.0
1242738663985850,0.0
1671605222990240,0.0
6068287120773120,0.0
6044062574406070,0.0
3842103831577840,0.0
7216374431803840,0.0
3450119433931880,0.0
1896211637187060,0.0
7978991946848180,0.0
8317554487438970,0.0
5254628721703190,0.0
5328956600869790,0.0
8403894189144250,0.0
9633844849810900,0.0
5760524092845510,0.0
4252188333587410,0.0
6912244678235350,0.0
9499571060346540,0.0
9376902370460290,0.0
2650565431446260,0.0
4688730855466890,0.0
4395625330835650,0.0
4949430267459880,0.0
6011186199843600,0.0
6295928399495910,0.0
2778612955429350,0.0
2364527937009070,0.0
2664469146571220,0.0
2711935996443500,0.0
1502342654613830,0.0
7701774092272640,0.0
6543395245590220,0.0
1914958707068640,0.0
5662159799573990,0.0
6573313728897160,0.0
2919849206021930,0.0
5204366741405940,0.0
3971889616673760,0.0
6753479597878010,0.0
3573732070312900,0.0
7452308232987960,0.0
3416820018837190,0.0
5054841017272730,0.0
4549663865931200,0.0
3010762964563030,0.0
1846832843589500,0.0
5914491855588750,0.0
8043395514612080,0.0
6753004977714530,0.0
4721580089512240,0.0
7294574722726620,0.0
7149135853716340,0.0
2385579616295050,0.0
2375610156753940,0.0
7090938870862990,0.0
3440510862128250,0.0
9853018995084950,0.0
1516939104975800,0.0
3477356677179690,0.0
1911783048168920,0.0
6564618077225730,0.0
8769933832185820,0.0
4883098145388190,0.0
9228489116108100,0.0
7260957690375290,0.0
4079429865953600,0.0
7671790759272950,0.0
7999879165329400,0.0
1201407486284510,0.0
1317820589631750,0.0
8035768206638660,0.0
5604064518675600,0.0
2099678395383890,0.0
9805801616391830,0.0
7296884061426840,0.0
3683174903530610,0.0
2937652221646070,0.0
8599258485179270,0.0
1520278292675050,0.0
5034216888879400,0.0
8204678760940830,0.0
9385338031638540,0.0
3848952905440170,0.0
2388969171973610,0.0
8317823315116930,0.0
1263661423885100,0.0
4301135892876640,0.0
9121435697448410,0.0
3944344514733270,0.0
9123292355484520,0.0
1609270832244690,0.0
2883048981818510,0.0
8053493452522220,0.0
3465065396168440,0.0
6600838364991530,0.0
2529594752653940,0.0
4764766317684390,0.0
7575465430424420,0.0
6292936149295830,0.0
9888880025173070,0.0
8986721181432030,0.0
9902381674303750,0.0
5493017154019260,0.0
9743915158138930,0.0
3484757684478600,0.0
1871721479634370,0.0
4679771026071410,0.0
9460434096128850,0.0
4775323686325790,0.0
1172950846808490,0.0
7687629901062230,0.0
4983857960607830,0.0
9524691373868010,0.0
4502311554966370,0.0
7302135430354340,0.0
7850056614067880,0.0
4252675745648030,0.0
9070067244087390,0.0
8412118901426940,0.0
6086956795156040,0.0
3456547615538920,0.0
5506397111078460,0.0
3708209448067850,0.0
6092536807182100,0.0
9239370316638210,0.0
2374930620891770,0.0
2690609607032690,0.0
7642296824690450,0.0
9937664598311740,0.0
7175575864320680,0.0
9344398383233680,0.0
3086049519553760,0.0
6011526461782670,0.0
1513434905697710,0.0
5817836451475600,0.0
7106881855517250,0.0
4981692626344040,0.0
1890508874550270,0.0
5732298817287700,0.0
7395876297974510,0.0
6135720706733590,0.0
4054902690725430,0.0
5571861023946000,0.0
5902414916937030,0.0
6663520302630200,0.0
7816210020347370,0.0
3796052564688650,0.0
1951886896562370,0.0
1901853351413200,0.0
8110267689766250,0.0
4368120904472050,0.0
9012735396558770,0.0
5020098518944620,0.0
8231308749158950,0.0
3124291019472020,0.0
7659075593151740,0.0
9290592026022320,0.0
8764614919978710,0.0
3114409996439220,0.0
8867016826388740,0.0
2121114172818880,0.0
5779613396783710,0.0
3418372091435960,0.0
2306433098578760,0.0
6616119556559340,0.0
5168837218844780,0.0
6019561810226000,0.0
8844395562971290,0.0
9445310179407140,0.0
8332401023027490,0.0
9107863042261580,0.0
4109069887193430,0.0
5346907950832040,0.0
4328913849254730,0.0
4011829936254450,0.0
7213466780667900,0.0
4077784738654020,0.0
6286954581071640,0.0
1298229611941350,0.0
2587928349664820,0.0
5275221986824900,0.0
7062830728661620,0.0
2262386050769570,0.0
6395764891928920,0.0
6864346677357000,0.0
6092622717509440,0.0
3729646544064320,0.0
9721398395957680,0.0
3927016795809040,0.0
2148641517736280,0.0
4877677605039100,0.0
6670526910124710,0.0
8852799875204880,0.0
3380469484796840,0.0
7389979462874850,0.0
5392021611469370,0.0
2302063457349770,0.0
4865000743201480,0.0
2525193632475220,0.0
7645865277455070,0.0
1923188181371370,0.0
6367905707429210,0.0
6990961689524360,0.0
8329921044364900,0.0
5341909370591420,0.0
1672969619508690,0.0
5219211537010880,0.0
9129285125049210,0.0
4237707179363030,0.0
4669440725060150,0.0
6098820228619490,0.0
4175524575808600,0.0
1134075949524040,0.0
8741982961979870,0.0
1416671763757350,0.0
4848639286157510,0.0
9617235972449180,0.0
1266662410257210,0.0
7919481998583900,0.0
9380982765724140,0.0
9550540645417530,0.0
7434010726258780,0.0
6657100849808580,0.0
6357079411349960,0.0
2788790472691030,0.0
2871735084255040,0.0
5369950473961780,0.0
7380842946443280,0.0
3668306093320040,0.0
4707730043440320,0.0
5889866906750670,0.0
5886289969479930,0.0
7169384012482620,0.0
5131266814506940,0.0
6067871523379880,0.0
9770186682756070,0.0
4347187414940100,0.0
9802030903074490,0.0
5466303567782540,0.0
4502291524470620,0.0
5030860053208850,0.0
5988885369421090,0.0
6810513683333100,0.0
4220830159271080,0.0
1001421387207060,0.0
6821426991850630,0.0
1564258632635600,0.0
4647882963352760,0.0
4997750724579890,0.0
1467343985606570,0.0
3290854833736100,0.0
2852379385549730,0.0
4821370555486030,0.0
2209328343402960,0.0
8013917731458610,0.0
6434049357206890,0.0
1605263519779360,0.0
8943835170851140,0.0
3249905211941770,0.0
3152575699099940,0.0
7849317622938310,0.0
3521922941228590,0.0
8438589769061810,0.0
4940342316225530,0.0
7162312786018270,0.0
4968427890363600,0.0
2430102598901900,0.0
7007678720544330,0.0
1146020340173770,0.0
2815068112480840,0.0
1643195613996010,0.0
9277943878639310,0.0
6984021616213190,0.0
1316450783404030,0.0
4208341078525250,0.0
8645206824256700,0.0
2722605902671180,0.0
7617922620509650,0.0
1151398791538160,0.0
3069385312454050,0.0
6906497071219660,0.0
2703807320906550,0.0
4043645600491860,0.0
6539971406671820,0.0
2145174307590620,0.0
7705434998557410,0.0
3584188679320730,0.0
5176160011013870,0.0
8810245509339650,0.0
5260750533181340,0.0
9221495372871690,0.0
2527951740325930,0.0
3350867572486040,0.0
6431095924362240,0.0
2182731597217310,0.0
6576709216395390,0.0
7942318951620200,0.0
1305097525124650,0.0
2911260141157260,0.0
8893373459953220,0.0
7224795889286640,0.0
5893292563427400,0.0
1728837055275720,0.0
8090345973586750,0.0
7945912741071880,0.0
6088639296762580,0.0
9396930295525260,0.0
5604654821378300,0.0
7878449014196280,0.0
3603761282166830,0.0
1977321242950330,0.0
6089646479314190,0.0
1721948687160780,0.0
6461642221259880,0.0
7210672144529360,0.0
2241709978455120,0.0
7845314920652470,0.0
7175128372731430,0.0
1796081734819970,0.0
1557095204938180,0.0
3138922866376100,0.0
3460215131157390,0.0
5927468758526160,0.0
2032638234977060,0.0
3338466567758530,0.0
7768828857904570,0.0
3397841189379580,0.0
2569040623987390,0.0
6536509552597300,0.0
7575267885100140,0.0
2502266680328080,0.0
3183042529221970,0.0
7665012765318580,0.0
7689951239888530,0.0
4786227054643150,0.0
2476516430219910,0.0
6987830605909690,0.0
2065534779897340,0.0
1997137287932040,0.0
9349883901383070,0.0
7208212587109950,0.0
1236512945547790,0.0
5745454476429060,0.0
7639775476230560,0.0
9365327195605590,0.0
7579606357259160,0.0
6776474002420700,0.0
5580868133003620,0.0
8673118440587480,0.0
9491757096050320,0.0
8772537297972950,0.0
9390051340680800,0.0
8899523271045590,0.0
4131959905930760,0.0
3222267361986950,0.0
8399328086425830,0.0
1862561371206360,0.0
7481883770073580,0.0
6358428683619950,0.0
4284753166669110,0.0
8739863680024070,0.0
5639077782573620,0.0
2066710105971620,0.0
6014734555010660,0.0
3066982397150240,0.0
1455899367757540,0.0
2791726191456980,0.0
3534462819573650,0.0
8823921331962340,0.0
2635652773762390,0.0
6811751470497590,0.0
8425520010797350,0.0
5739714247997410,0.0
4559312327883120,0.0
7174535250051790,0.0
3811041251284170,0.0
8318287403108350,0.0
9070069223881980,0.0
7100694612120350,0.0
4473610711382340,0.0
7365544414247080,0.0
8893920296923290,0.0
7476398297208770,0.0
3898911484320530,0.0
2525388465503610,0.0
9416548406998220,0.0
2885182008496850,0.0
5282289118915990,0.0
7952769973933920,0.0
9947034430093800,0.0
3861218628634910,0.0
9338689216303070,0.0
4721776244565250,0.0
2846328786311000,0.0
1901408741516150,0.0
5985000831958450,0.0
1677125935126140,0.0
8153797644392050,0.0
9776665683468170,0.0
2102942947994660,0.0
4144588770534810,0.0
3940081789577890,0.0
4118747590889880,0.0
7547498946863190,0.0
7584603157847980,0.0
7348117686039330,0.0
4513505109497960,0.0
3464303743132230,0.0
2783921209325720,0.0
3914633228964540,0.0
8654705906466110,0.0
7771551621455770,0.0
2663625597641630,0.0
7524565965240470,0.0
3177527153951970,0.0
2613916191433460,0.0
1564385180493870,0.0
2203197244671600,0.0
9923650009091080,0.0
6479643528117350,0.0
3152484185747230,0.0
6743973255102310,0.0
1846223002482890,0.0
2186367039706860,0.0
3554214945214710,0.0
9605255950236100,0.0
9238296676049740,0.0
1785822676609520,0.0
6101968612513290,0.0
3699041177780030,0.0
9373096236066520,0.0
2827479326146790,0.0
7339782026204770,0.0
3350249757082750,0.0
5408211261512980,0.0
9251819067117390,0.0
7402886576132550,0.0
7280694148872370,0.0
6506549938104450,0.0
8982075304499480,0.0
9016900280415880,0.0
4741561744668870,0.0
7472883930118810,0.0
3768842791700700,0.0
2425394163948680,0.0
8817782226346640,0.0
6487174152573150,0.0
9827041561909480,0.0
5470153386425960,0.0
6037551229026260,0.0
7966390939843720,0.0
8068567063518090,0.0
7299190132917020,0.0
2826935944873100,0.0
7287724097224780,0.0
1135662017691490,0.0
8088773263839180,0.0
1299180374090210,0.0
2776690352384710,0.0
2547417412770150,0.0
2319740085691040,0.0
6988191535424110,0.0
8504657312055600,0.0
9609938878083400,0.0
2061990589573940,0.0
8061764634810120,0.0
3591548327472430,0.0
9288516944353210,0.0
2768885952629860,0.0
6917351217672720,0.0
8692557007826210,0.0
2666617169642000,0.0
4374831783534550,0.0
4391295002448410,0.0
3023631948192080,0.0
9409015913763300,0.0
4184005425297310,0.0
8413054783799010,0.0
5467155089731260,0.0
8537726466973880,0.0
3699180106078990,0.0
9431256980823050,0.0
3029636375994350,0.0
1247168761738570,0.0
5681452736947980,0.0
7683154844741470,0.0
1884490248048930,0.0
7577411797547080,0.0
3065832378806910,0.0
6464666193304490,0.0
8097225375192100,0.0
7787452897535290,0.0
9861126590664780,0.0
1116443789590170,0.0
2128203557962530,0.0
2878726514631540,0.0
7519764268699630,0.0
4334810095556460,0.0
6407996963763570,0.0
9183472123659720,0.0
4690869521028140,0.0
7765116088934980,0.0
3561697353824140,0.0
7056344622913110,0.0
1428066499988420,0.0
3317683806124300,0.0
9585304293219950,0.0
7124517200353790,0.0
9069522569782570,0.0
3405399184626840,0.0
8292706549182650,0.0
1861279905145880,0.0
9055940703881590,0.0
4209809233715910,0.0
5216347978121200,0.0
5910235888535310,0.0
2638952035420800,0.0
5474063593814580,0.0
9996680273634210,0.0
2441211614447250,0.0
5443973510977720,0.0
1215242661205830,0.0
7511123122761420,0.0
8230253840240730,0.0
2825372507580150,0.0
2627791586876230,0.0
1137410646730900,0.0
1326372458052090,0.0
8831672546494290,0.0
8363210232841380,0.0
1652474587465270,0.0
4362273051238450,0.0
8975229610043800,0.0
9579076202527220,0.0
7061439374714420,0.0
1737861080541840,0.0
8301853402045940,0.0
8309792604883390,0.0
6488705777661250,0.0
7734445746791580,0.0
6380769252425860,0.0
4136928898905750,0.0
5137895533070730,0.0
4234489390335200,0.0
5422568045766810,0.0
7711645127823860,0.0
1001466701508820,0.0
3474406566153530,0.0
1082066260223150,0.0
7219798546686320,0.0
6891241732218380,0.0
6557203410461210,0.0
2007327685466100,0.0
1793880024631440,0.0
3774384577736250,0.0
4261162711949420,0.0
7112199851529370,0.0
5142462029541420,0.0
4490029311913100,0.0
5242042838771130,0.0
2335927167354190,0.0
3943238832715880,0.0
1928485070329710,0.0
9624159910631950,0.0
4363576580769850,0.0
9839388361857150,0.0
2641442490493750,0.0
9298276782850520,0.0
5122886387222030,0.0
7979582984954130,0.0
7263507042116810,0.0
7982651264905560,0.0
3561843549241840,0.0
8306232072332240,0.0
5438831868031990,0.0
7058551212184620,0.0
3124481338452140,0.0
2256489000873150,0.0
3714627081877930,0.0
7422183909696130,0.0
7561551429330330,0.0
5287529029222490,0.0
9726821125649830,0.0
8275827317836660,0.0
1149587883127810,0.0
3609198000512460,0.0
6951007643922740,0.0
6779456199522920,0.0
8345486024490030,0.0
9965368629312530,0.0
2413522327725430,0.0
3794830472499240,0.0
1783983730578620,0.0
9069999369927780,0.0
2716917979405190,0.0
6135658590214090,0.0
1399800893862940,0.0
2375620447643180,0.0
3198865344177530,0.0
6830198534021480,0.0
1636184185550920,0.0
5565398624629540,0.0
6820417496747380,0.0
9360407209418580,0.0
9590785227488700,0.0
6492862168690370,0.0
9363704838565540,0.0
4944839050314070,0.0
7546099680060250,0.0
3103223340629900,0.0
9587662218659320,0.0
2643023068822600,0.0
4242246992780180,0.0
2177453214531130,0.0
1132258074051050,0.0
2651064143113000,0.0
1959675531148250,0.0
4704369400557200,0.0
3097839940370560,0.0
1200676080360120,0.0
1805074119036300,0.0
3496550346993040,0.0
1026080612140440,0.0
1160100367665970,0.0
9503029805152650,0.0
8579097559958060,0.0
1673177375420150,0.0
3864357794076480,0.0
8111417515919220,0.0
8766949945212450,0.0
5155583071339660,0.0
4857841334878260,0.0
3107149845911650,0.0
2127790139260630,0.0
1163628433495480,0.0
1391654908009960,0.0
4449232472983960,0.0
2367672946193380,0.0
5458449876711030,0.0
2764292394733440,0.0
3679429660528440,0.0
9706672362089720,0.0
9543130602203670,0.0
7050718546928050,0.0
4510747748857680,0.0
9705668447728630,0.0
8924648125215750,0.0
2545001229837520,0.0
6979292898106190,0.0
4994771567120020,0.0
5682365295905140,0.0
1875160055775980,0.0
7677675595121510,0.0
2389517292994950,0.0
7402557022057170,0.0
5070737784058030,0.0
9629644476780530,0.0
9435724390009630,0.0
2936171309063310,0.0
8521248495491670,0.0
5591544278465400,0.0
2425993549580270,0.0
4823644403598160,0.0
3403040113128420,0.0
6361168546810430,0.0
9884658150904420,0.0
5828730375164890,0.0
8901415808151500,0.0
5865388703175370,0.0
5500280933841050,0.0
8436822112926000,0.0
2511496394636650,0.0
7411607853030590,0.0
7487806264573210,0.0
1752232834267050,0.0
7593116502165690,0.0
2530139266376840,0.0
2460147066795630,0.0
4735567351542800,0.0
7031001261189810,0.0
4928078218266320,0.0
3933387822352620,0.0
1682144401635840,0.0
8694122675275990,0.0
5224709988630320,0.0
7702138317735860,0.0
2675790323132230,0.0
5633983154949810,0.0
3227678767478970,0.0
5694906622530620,0.0
1887256993454030,0.0
4954493581447480,0.0
6892509830422000,0.0
8499875421720820,0.0
7269240847797310,0.0
8791192205816370,0.0
9390588625951860,0.0
8814389199318190,0.0
8850499735089550,0.0
8443474344684100,0.0
4080975241027410,0.0
8207317149973920,0.0
3064002176201790,0.0
2608263391131200,0.0
5049088036736810,0.0
6976228450627530,0.0
1264262770601840,0.0
8667125208414000,0.0
1678865055217720,0.0
8123326536407030,0.0
4542223347081010,0.0
5771088673311230,0.0
3846494600827460,0.0
5802455798034600,0.0
7456509652295280,0.0
2420882613570210,0.0
7280927315356820,0.0
4329661673965810,0.0
7058850891773990,0.0
5063228787372160,0.0
6730342305989500,0.0
5477255654971110,0.0
4998327643257520,0.0
4068348526325780,0.0
6886088332893420,0.0
8001727586553690,0.0
6516600392014170,0.0
2817667237253620,0.0
3488716548365460,0.0
8455056556140920,0.0
8153797644392050,0.0
6466158636593140,0.0
5913696073310340,0.0
5862207081846270,0.0
4559019292952690,0.0
6567908879146040,0.0
5189965724218460,0.0
2359344901205580,0.0
6321878676373000,0.0
1126210247071020,0.0
7160552206876620,0.0
4957273376490210,0.0
4265347748230190,0.0
7336161598367060,0.0
6288433545717180,0.0
4939678378865180,0.0
7535542580658510,0.0
5613061248714860,0.0
4583121012542220,0.0
3858068006901020,0.0
2175515564326310,0.0
3090026455248740,0.0
4115265158279960,0.0
3597231709004090,0.0
8890072033202160,0.0
5114722641677380,0.0
2251716462657610,0.0
5974641916934470,0.0
7990224973158660,0.0
1024466332414220,0.0
4190256111471780,0.0
1861457196116880,0.0
1917309150758060,0.0
8159051353907660,0.0
7367443058559560,0.0
8487729506798780,0.0
7163005925540730,0.0
1316903931555170,0.0
7631883004224780,0.0
8851713464664350,0.0
6857512308370830,0.0
9966630227719350,0.0
8893449668938050,0.0
9579438249566570,0.0
2377861624408450,0.0
3263542128067210,0.0
9473937241286830,0.0
6517271089369280,0.0
8197692592900130,0.0
1297290337955220,0.0
3370320791190500,0.0
4509141707855550,0.0
3165505300925670,0.0
4853498039766060,0.0
9475983705485950,0.0
5492441378859680,0.0
6550679543230460,0.0
2003436441174920,0.0
5931709038180350,0.0
3757594543838080,0.0
5315788097026710,0.0
4153303858060270,0.0
4626028460128220,0.0
2160407438193370,0.0
3725598862948420,0.0
6468959445743710,0.0
3110653402850230,0.0
4438518558396480,0.0
1182404232298280,0.0
9620744155665050,0.0
3237649723830020,0.0
8897218453347780,0.0
2338356362238340,0.0
4249403042784290,0.0
3440484981178720,0.0
6789020483238250,0.0
1232153294576260,0.0
4124691231870990,0.0
9533928790732890,0.0
6649613394077220,0.0
9210576417963960,0.0
4110649096155450,0.0
8870482015512210,0.0
4792878619362470,0.0
7057602702176530,0.0
2929635684965670,0.0
9233764066809710,0.0
7726450065598840,0.0
4979017629402180,0.0
3933380871499870,0.0
8183223948618950,0.0
6752639837354380,0.0
1653299774441740,0.0
7594419571143090,0.0
6988107743246640,0.0
2640408569865020,0.0
8887869218310410,0.0
4515205970651950,0.0
5104538863894080,0.0
9672109795449450,0.0
3828447636596780,0.0
8852394435397570,0.0
8010879204154620,0.0
9350945642062050,0.0
2623939655544510,0.0
9547789776879090,0.0
3445455813886880,0.0
5013639691468360,0.0
9581791737880310,0.0
5990700209158960,0.0
8318112499907300,0.0
1303372965146000,0.0
7283880303662190,0.0
6101771163389030,0.0
2811024974060070,0.0
2548103372386920,0.0
3683401576265810,0.0
9613006939080000,0.0
9700565619771850,0.0
7291081418520430,0.0
6962526897111150,0.0
9140122718070290,0.0
4903755551219890,0.0
2407985824122480,0.0
1840442761754260,0.0
8938064569831830,0.0
8839706749517240,0.0
7298927375894160,0.0
7831941167128440,0.0
8725154027044870,0.0
9144778227658130,0.0
4709845060790070,0.0
9350310681993830,0.0
6436933489911050,0.0
4146246463270150,0.0
7326740180244270,0.0
1284125889704550,0.0
9043753448158970,0.0
2649761033207620,0.0
8004982926229840,0.0
8877889713484750,0.0
5568619487599630,0.0
7695737353379660,0.0
9048607913242960,0.0
8505084155710310,0.0
5836798920682520,0.0
9974637787833500,0.0
9540533771204300,0.0
6802061531471280,0.0
5330138930699250,0.0
8012281337207660,0.0
5864599443936890,0.0
8314546153876060,0.0
6506066308578640,0.0
8743610544963610,0.0
4982523769545800,0.0
8351633303124610,0.0
7332857986585300,0.0
5533045272478150,0.0
7378207130956190,0.0
4602983333577250,0.0
6968233619101340,0.0
4865419184683930,0.0
9967547504930690,0.0
8054797001926970,0.0
6518192365943370,0.0
7778200409182720,0.0
4717194826139080,0.0
8706908815431300,0.0
7797613798111450,0.0
2884520611849710,0.0
2477256182338000,0.0
4992655260845860,0.0
8124592484683410,0.0
1094553990740490,0.0
7025030309119590,0.0
2205231489873890,0.0
6748999439995980,0.0
6403929193031390,0.0
9463342890091830,0.0
1655672984482380,0.0
4231246754854800,0.0
8760431675517220,0.0
5894596394244040,0.0
3897799222450320,0.0
8740198851160970,0.0
1185491455770070,0.0
6359968741317260,0.0
3174509605593750,0.0
6968062966479530,0.0
9276003837130440,0.0
5489924379150770,0.0
9199183783043640,0.0
2783413330309960,0.0
5387327961470670,0.0
8573387540205120,0.0
1145680675422370,0.0
8005881722242510,0.0
1079196414342770,0.0
6439233311500910,0.0
3628731535839790,0.0
2596697484785010,0.0
6637618104392290,0.0
4565358983344600,0.0
1322170020994960,0.0
7651183093006090,0.0
1247578694018720,0.0
7911513639011320,0.0
1872949301002750,0.0
8192846079688150,0.0
8123923925087210,0.0
8896914121406250,0.0
4654240798735210,0.0
2814664601592700,0.0
1964357630670540,0.0
3548721429637960,0.0
6847824254181340,0.0
2300932461865990,0.0
2610418757364580,0.0
2721407486105670,0.0
2007966125091250,0.0
3434447721609790,0.0
7178281076327300,0.0
3137676078158370,0.0
8255731229088420,0.0
5804512134396380,0.0
5855716314794150,0.0
2896607138360940,0.0
3200764419537860,0.0
3332236592607130,0.0
3295908537385840,0.0
1732570179550470,0.0
1879995919095410,0.0
7763109916244240,0.0
6147649365416600,0.0
5445862406483480,0.0
1181638167731690,0.0
9630750293469930,0.0
5575300217431760,0.0
8020829891377420,0.0
3889946389366840,0.0
3199843797854560,0.0
8863885375954280,0.0
5101546730574920,0.0
9148495272088650,0.0
3898875679267830,0.0
7298845700386310,0.0
7256009970846510,0.0
9564510774781460,0.0
4714200361571730,0.0
8283530903143370,0.0
2142103886921050,0.0
2963333690236870,0.0
1452601493486870,0.0
2538343752465550,0.0
6318462008858240,0.0
9518455338865770,0.0
7550746526594630,0.0
7971472358813150,0.0
7097152754723380,0.0
8910583650103080,0.0
5103441789702050,0.0
2578397788097050,0.0
8404713973820880,0.0
3503946881503490,0.0
6180039163804560,0.0
3230787974058100,0.0
6456786710675620,0.0
1813660428805060,0.0
7735183068661370,0.0
6658444184210960,0.0
8715978153113040,0.0
7164982388946270,0.0
6960072050368340,0.0
8679375496113040,0.0
5879556910033120,0.0
1509148006367760,0.0
4859168039269760,0.0
7552966961654670,0.0
7258976006085470,0.0
5398087027218890,0.0
9062164086199680,0.0
1572461945406360,0.0
7816170810497290,0.0
2877614183854010,0.0
6627519016386230,0.0
4831858443461920,0.0
9272200881995840,0.0
2478205795109560,0.0
6219034956335150,0.0
3713246751310370,0.0
3982373511388650,0.0
1628364673297110,0.0
5361033386133500,0.0
5999624958025290,0.0
3401826048309300,0.0
3355723404088750,0.0
2622522549880650,0.0
8432675230518280,0.0
4934826038575080,0.0
1956824867171060,0.0
1362319747086840,0.0
9097971215206780,0.0
8504013524390100,0.0
9023535904227630,0.0
9955895202891270,0.0
6594215487978650,0.0
7067023030004830,0.0
1490587289276910,0.0
5514136742015890,0.0
4904869190926740,0.0
4975675289307820,0.0
3436078477230020,0.0
9021486669169780,0.0
5736881462612530,0.0
3842744390843300,0.0
3938773405350080,0.0
8802351900675960,0.0
8500839042573060,0.0
8251030657395860,0.0
3272870427662380,0.0
3979832156281760,0.0
1889354584056400,0.0
1797362420171270,0.0
4266713696435930,0.0
6800505255705240,0.0
3516498841587720,0.0
2143537659759720,0.0
6847573551538930,0.0
4314236811417940,0.0
8331238821538710,0.0
6626590484320320,0.0
1987624560170170,0.0
6037580126743460,0.0
3418421121602920,0.0
9060219958796650,0.0
8930771050561980,0.0
8348926457861140,0.0
7398556023717340,0.0
4634927110479490,0.0
4738975728400670,0.0
2376062646571380,0.0
2825329248236760,0.0
6774675754874970,0.0
8744367971964490,0.0
6054912140501050,0.0
2077261842680410,0.0
8175467724448220,0.0
2512757936809150,0.0
6856150483316380,0.0
2230971702467220,0.0
7183455145377130,0.0
3268566359862240,0.0
6091800162510850,0.0
7249089980451000,0.0
5044797131572130,0.0
1926874426471890,0.0
9620428687290980,0.0
7446931399258270,0.0
4389055130611810,0.0
6968214368388700,0.0
3696976927128420,0.0
4597978088012540,0.0
8922707281020800,0.0
5052188238535890,0.0
1554009835274060,0.0
4413961433716750,0.0
4425451725384050,0.0
6058643716515910,0.0
8074509814947810,0.0
2842005101569200,0.0
5750150579314060,0.0
5832918255173200,0.0
2252206520981060,0.0
4214278619091480,0.0
3903198297640470,0.0
2729516285804760,0.0
2962612256227770,0.0
3654315061905240,0.0
9360325512791500,0.0
9069637541597150,0.0
4189400719162170,0.0
7853511132012980,0.0
4473728437973210,0.0
4053530947306020,0.0
9535196789442120,0.0
2024954900186030,0.0
8774664956261190,0.0
2318536194525760,0.0
6740829508591090,0.0
7935730215683470,0.0
4180903781551240,0.0
6063900776588440,0.0
2930785845122860,0.0
4028015863598310,0.0
7321231668293290,0.0
8269347310733820,0.0
9413905089202920,0.0
1632994031184170,0.0
7383574827241230,0.0
4669625224323650,0.0
6642188843038260,0.0
9040306567635840,0.0
4948914776495360,0.0
7633660730445750,0.0
8137537175707850,0.0
9998667907865780,0.0
2550688569596640,0.0
3674317500411200,0.0
2352958553850970,0.0
3016142252243850,0.0
6031417818703740,0.0
2149259179908390,0.0
3253275797006490,0.0
1894928800882330,0.0
7811514084887530,0.0
3836575899785390,0.0
7248367127402460,0.0
2098512125303600,0.0
6112051243423710,0.0
4897301744877440,0.0
8149663761712300,0.0
1898788231341290,0.0
7691945981889380,0.0
4215663969646610,0.0
6733269977766110,0.0
1926893351392050,0.0
7645473531988310,0.0
8514459214560400,0.0
5031793540277720,0.0
3676725410289700,0.0
9096625329562900,0.0
6714190313876220,0.0
1879620705620540,0.0
3365691466410840,0.0
1910651471026420,0.0
9033161439511110,0.0
5756037174371260,0.0
6660332757728800,0.0
8469322547850280,0.0
6496124593145800,0.0
1415919234388540,0.0
9910835318036570,0.0
4963654970227280,0.0
2944222842913380,0.0
3227394285361990,0.0
3057665486187690,0.0
1316029164449130,0.0
9096158547977110,0.0
4620188172905980,0.0
9839499643839590,0.0
1169597101101540,0.0
1765195783668050,0.0
3345301723774160,0.0
3928814192372100,0.0
7253421448308710,0.0
8305829204561730,0.0
5345725963602220,0.0
2426702735435790,0.0
6390918088041140,0.0
5172665588660650,0.0
9625374072002880,0.0
4231275761993710,0.0
6364884585315030,0.0
9619866769540230,0.0
1813286975074960,0.0
9233928514485080,0.0
6200198754190160,0.0
2062961487385830,0.0
2550318978016520,0.0
8556505145384660,0.0
4091472213092870,0.0
9560080495460510,0.0
5463332303181220,0.0
5553830443973600,0.0
4513724791398420,0.0
7331942782574430,0.0
7028926062735950,0.0
9341474106615360,0.0
7506322153416080,0.0
6659060465821330,0.0
9728685483512920,0.0
6034212702850280,0.0
7989095730449410,0.0
1357755694995750,0.0
8352100512803680,0.0
4192116251818840,0.0
6222775166952610,0.0
5029059812789430,0.0
4695053634764040,0.0
2065312264737180,0.0
5120071556566240,0.0
8213181493180510,0.0
6077472449013080,0.0
4503750514662870,0.0
1828817360532170,0.0
4701689639870390,0.0
3748553844570770,0.0
3781891238672550,0.0
8478827590772080,0.0
4845313989395390,0.0
5875217955546150,0.0
3275394644112980,0.0
6109530269482180,0.0
1744182281341010,0.0
3716827822070910,0.0
2116334344326230,0.0
1215287323566970,0.0
6049032230726770,0.0
5214327703064660,0.0
3829090289122640,0.0
8272613617120380,0.0
7180035402690640,0.0
8887578761716160,0.0
5257347952010050,0.0
3925637119252650,0.0
5300561580328600,0.0
9658927156689630,0.0
8129449499196520,0.0
4656212700627210,0.0
7579193999650050,0.0
9577672273366500,0.0
1434183707849150,0.0
3328238357425060,0.0
9423964668418810,0.0
7241954895283350,0.0
7604281127157230,0.0
8636216760467060,0.0
4906317125884400,0.0
9051236158554150,0.0
3626087490090620,0.0
9830836540957340,0.0
1453269035646390,0.0
4956095655356970,0.0
5673465908553200,0.0
1188987610921110,0.0
5195256481079060,0.0
2478071465188040,0.0
3720706091196150,0.0
6078231377360300,0.0
1099073346284140,0.0
1683900305292570,0.0
7460871138236560,0.0
7278610198223270,0.0
4061977753881990,0.0
2647853483824710,0.0
5191654820465780,0.0
1155313269510390,0.0
7239131309188840,0.0
7173580254231880,0.0
4788487188271320,0.0
5125375597632840,0.0
6514186654575150,0.0
4638802373672430,0.0
7156933522759410,0.0
3685817621240000,0.0
7429434872496780,0.0
6845697439677310,0.0
5609062097395490,0.0
3571238207340070,0.0
9674990433054610,0.0
3162321323904640,0.0
1436167545363600,0.0
4113940775373590,0.0
9207167148501700,0.0
4100191820001750,0.0
4841491695923380,0.0
3862334516654780,0.0
4466998259028410,0.0
4013954477049700,0.0
1022568653307490,0.0
4138887747305520,0.0
5399355115874660,0.0
6562263286591900,0.0
2617441288568000,0.0
4945178039867240,0.0
8302366895469960,0.0
5562013829225520,0.0
3828452330150670,0.0
5311481535710150,0.0
4560632388859720,0.0
4059400893491590,0.0
8668671871170140,0.0
1887874342482210,0.0
2025481986853770,0.0
8546785016173180,0.0
3858912013123100,0.0
6086878421164600,0.0
3093582199901660,0.0
7092486289587980,0.0
1012924346593030,0.0
3381603290986830,0.0
9658214754111200,0.0
5350909700748650,0.0
2434629121356550,0.0
8872334080956030,0.0
5062828943343740,0.0
8201607335023660,0.0
4630081968824080,0.0
2005333812916240,0.0
6313758006387680,0.0
3559840668899360,0.0
5047978582877310,0.0
4240674900030770,0.0
2466789440465060,0.0
5186676050910920,0.0
2941685437762350,0.0
2867803156443080,0.0
9804214132889260,0.0
1899451332562480,0.0
8966097818991160,0.0
2005580235289190,0.0
9537355456048050,0.0
6641347164040480,0.0
7809461097566850,0.0
4820384646709680,0.0
5277589484275020,0.0
9401100156610070,0.0
2365003348930930,0.0
8686301240584310,0.0
3937506367482190,0.0
1113326603739060,0.0
9915727688098360,0.0
8167388930117890,0.0
7532952655063910,0.0
3436936533198370,0.0
3573282254624500,0.0
4117071228835830,0.0
5133331237260760,0.0
9408214920024940,0.0
8969851383062960,0.0
8169172549213930,0.0
5836522847281180,0.0
1548667764690500,0.0
3956892316063360,0.0
9127174307676220,0.0
6483317454925080,0.0
4176524805174580,0.0
8426109469559870,0.0
3196953731139610,0.0
1673371401778750,0.0
3307741625522600,0.0
2410420038690280,0.0
9261702780570310,0.0
4191205946622870,0.0
9437830799366290,0.0
1748711609639440,0.0
2717781056827300,0.0
4054258964161310,0.0
2943055329368070,0.0
7030734376853120,0.0
3296862986267010,0.0
4421962854320770,0.0
7344292893518500,0.0
4791501962785720,0.0
4927122826613980,0.0
3000598903364400,0.0
5966627377375540,0.0
6782561204871840,0.0
3545247562951880,0.0
8384452339604960,0.0
5022715254091590,0.0
2461506004107960,0.0
2369378337061420,0.0
9144530033691020,0.0
8630878487070340,0.0
2188890133786430,0.0
1356775084230140,0.0
1954674992554400,0.0
1843310836741640,0.0
7244953579715200,0.0
6242157844202180,0.0
4641349716900740,0.0
6367294532424010,0.0
9744245540975770,0.0
1379159828230700,0.0
9056760776653170,0.0
2969223269241520,0.0
2476137653702130,0.0
3795344597693270,0.0
6297991546002620,0.0
9365475652631320,0.0
6639611576970870,0.0
1985992168755480,0.0
4374211701352320,0.0
6246317193627350,0.0
5949017389872960,0.0
4115798786951080,0.0
7911683059685710,0.0
2171385552665150,0.0
9665642175180970,0.0
5030574867990970,0.0
5314832406117070,0.0
9289746550193700,0.0
8549493638134890,0.0
4072063247875420,0.0
9198718247831720,0.0
9980594948878820,0.0
5541278272413810,0.0
2789424904349300,0.0
9089054840291770,0.0
7680249358073380,0.0
9963729772380430,0.0
9494019358858350,0.0
8445988700836680,0.0
2503318339832360,0.0
1839289938365590,0.0
1556297030189660,0.0
6743281372238250,0.0
9539426798352060,0.0
6408340303594240,0.0
2823816186259170,0.0
1927266363928680,0.0
9396232377069830,0.0
3007689616737330,0.0
7509470272384280,0.0
1521659248089020,0.0
2040574651037130,0.0
7384755493032070,0.0
7209018721643360,0.0
6480400137078120,0.0
8232481250174290,0.0
4832046089417150,0.0
9009862488871650,0.0
2187446088017710,0.0
6769668210015880,0.0
8574315741899550,0.0
7718669334493490,0.0
4122250322477880,0.0
1048041972546090,0.0
4069098234058530,0.0
2343518091637860,0.0
1012563693937700,0.0
5683400338702670,0.0
1154860386864680,0.0
9667162987615250,0.0
7082329478356340,0.0
1174551412137600,0.0
3044224844845510,0.0
2858126645445300,0.0
8130281146954100,0.0
8368364304908440,0.0
3330599897279200,0.0
3007605907861870,0.0
2652721373618740,0.0
8342763608847110,0.0
5756760852023570,0.0
9853164534855570,0.0
1605294589597580,0.0
5591096727619260,0.0
8782871210334690,0.0
2626070725703120,0.0
7652335221461080,0.0
4159590047909760,0.0
9774207895799750,0.0
6602218714058180,0.0
7599651119236200,0.0
2241196729754500,0.0
5415672515526100,0.0
2653670166964350,0.0
6132767287596130,0.0
2666541785968000,0.0
3642913853968800,0.0
3705021628615560,0.0
6309594618303230,0.0
5699659220631940,0.0
5961107542055390,0.0
4276185958863900,0.0
4438961789239950,0.0
2046756231524530,0.0
5299982916078520,0.0
6897076925417560,0.0
2016471510269750,0.0
3312952911853940,0.0
4016054673633110,0.0
4880656387386650,0.0
3309517479670920,0.0
6577897532603190,0.0
9995801381520110,0.0
7757643255500390,0.0
1569635213470150,0.0
4245060676348720,0.0
2819007124162710,0.0
1647159465341800,0.0
1436159136414830,0.0
1251640749502850,0.0
5088257213313830,0.0
4139788049967330,0.0
9077804573816000,0.0
6820345885028320,0.0
1110673039114700,0.0
2597067231449270,0.0
9681396609652290,0.0
5484486891929430,0.0
9437516695344340,0.0
4720235935516300,0.0
9036896846435040,0.0
9865858943579220,0.0
9624264194024200,0.0
2403870288226120,0.0
5145671475635750,0.0
2600486873704340,0.0
3400840696446870,0.0
4072541244163030,0.0
1063945034652650,0.0
6461324503855760,0.0
4457541765701450,0.0
4203892308537840,0.0
7787744190546430,0.0
8628698951799660,0.0
7767078289149020,0.0
2317412990489310,0.0
2236405188008220,0.0
2508258111980020,0.0
1119048921978660,0.0
3820530008121840,0.0
5049435224739820,0.0
5642142848120960,0.0
9816129831127190,0.0
4012750330312140,0.0
8117050990740260,0.0
8237973431136630,0.0
3329251486899490,0.0
7805159058469960,0.0
7257460596039260,0.0
6185856222894800,0.0
9005034351227330,0.0
8877465953111370,0.0
2646751326769620,0.0
4675118904497650,0.0
8604361708663510,0.0
1447593496189350,0.0
1046532313609470,0.0
1939268844885830,0.0
9115620747972320,0.0
8102879594579900,0.0
1876836304880380,0.0
1050390233433490,0.0
7144468389219350,0.0
3379686565783420,0.0
2207379581298210,0.0
4251065648189170,0.0
6503514486185630,0.0
4638283702394430,0.0
7610215700359740,0.0
8912524031123890,0.0
3394167360197510,0.0
1995951456723640,0.0
9354868255317930,0.0
8247508726428240,0.0
9033997229005840,0.0
2262984120733840,0.0
6959415552826580,0.0
9409189694405790,0.0
8341598720502530,0.0
2770863600716720,0.0
1313204693349090,0.0
1673876393810430,0.0
6626238644856330,0.0
8515421721586920,0.0
2365994575865240,0.0
1822235674366780,0.0
5363471354267330,0.0
1390455943658190,0.0
5793144780365560,0.0
6149867826410230,0.0
7932468469188160,0.0
3143001609069690,0.0
9177414185521670,0.0
5197079309604930,0.0
9843007421480960,0.0
9914814466577600,0.0
6588237118802050,0.0
1026930276999740,0.0
5869556381762700,0.0
2727198188585700,0.0
9491152115272260,0.0
2824397262234700,0.0
3196701471762080,0.0
2570390662852860,0.0
5081103279834910,0.0
2455675828209220,0.0
9075378621765300,0.0
7398524454297930,0.0
5879888688759710,0.0
7574393126548740,0.0
3967075945540690,0.0
6808286750716490,0.0
4861184581547290,0.0
8899689396397770,0.0
8275343595875600,0.0
7704751605258300,0.0
1022159914866760,0.0
8070750819615970,0.0
2854548973711350,0.0
5395746059022550,0.0
5868692432654570,0.0
9946520371855460,0.0
3774553014828860,0.0
1733222278512500,0.0
4239144792741380,0.0
7766419303572520,0.0
3896753289724870,0.0
5813763950127760,0.0
7490982417675980,0.0
9194970304188380,0.0
1209893049629360,0.0
6058843660944450,0.0
6953865196141680,0.0
8211490026487230,0.0
5403614023139970,0.0
5393991542582020,0.0
8414811782262630,0.0
6094926871518980,0.0
9276798401663040,0.0
2331951836021260,0.0
3340319570400050,0.0
5146275453448110,0.0
6447597115558980,0.0
9000278390256860,0.0
4852020616588920,0.0
1415597234652500,0.0
9169609518904700,0.0
5062105940430820,0.0
7132506236725560,0.0
5743016700300960,0.0
5215728964113750,0.0
8074636766261650,0.0
8930960487110540,0.0
2698736037246570,0.0
6493921249283560,0.0
7047497852602110,0.0
4352098346621640,0.0
3169718369688180,0.0
6545455033563360,0.0
8162777965580830,0.0
7362346932651330,0.0
9938571838420020,0.0
6164312461875700,0.0
5417347150400700,0.0
3913472163348470,0.0
2505183444487820,0.0
4028266642088470,0.0
3370021371467570,0.0
5021180457359700,0.0
8468887891837060,0.0
7360352988886600,0.0
5847185961960740,0.0
4806226048845230,0.0
8403797949880220,0.0
9166915000781840,0.0
1697733295596230,0.0
6096370834948280,0.0
9516801227331550,0.0
7068455014112270,0.0
6941152816824930,0.0
5087027811268330,0.0
3541661457988140,0.0
8724712981786850,0.0
5510133035770490,0.0
9614207419004930,0.0
8715448649595740,0.0
6069817994550520,0.0
5145273151880780,0.0
2014103294037300,0.0
6107420326486840,0.0
3257691536230280,0.0
4125426204518880,0.0
2443197517862100,0.0
2621855795400020,0.0
6770669026148490,0.0
3295242370879390,0.0
6304029241346640,0.0
3783239106656550,0.0
6295272996522620,0.0
9180779436640280,0.0
2529844323905800,0.0
3752460684982710,0.0
5333500287145630,0.0
5749776330794450,0.0
1645061186653240,0.0
6493945735363070,0.0
7870417284921840,0.0
6224214512986380,0.0
3000745464258410,0.0
9606680588419740,0.0
5391602785001460,0.0
1567103667674500,0.0
7974934299079320,0.0
1455603544266180,0.0
5112109505166080,0.0
7278596253602800,0.0
5892841437148970,0.0
5556492139672400,0.0
5222198354400590,0.0
3026629576494200,0.0
6549943007638690,0.0
3650366706935480,0.0
4663959480938030,0.0
9962081993472860,0.0
4659857753338360,0.0
6502686338735310,0.0
8679137201037760,0.0
6925246410741600,0.0
9835926550608910,0.0
2970227134603590,0.0
5742011309197200,0.0
1122543372711750,0.0
6521554487182630,0.0
2064586207139740,0.0
3486169850424120,0.0
8467087929307360,0.0
2770121585640740,0.0
3095084286587260,0.0
2032544362876950,0.0
1934425077679060,0.0
8617953333836920,0.0
9315983607361890,0.0
1766685056045930,0.0
1559446383842730,0.0
8774223443157550,0.0
7315571548175530,0.0
8651702670170780,0.0
5692558868119990,0.0
4525049852461360,0.0
2656608009119010,0.0
8830082994527910,0.0
6788853542927340,0.0
2669480218856840,0.0
3215535195306390,0.0
8742597115220350,0.0
1698568252059440,0.0
5323006603663230,0.0
8248053276722100,0.0
9128872023559790,0.0
7275700014921400,0.0
8842520942995570,0.0
4457196606191750,0.0
7838806068068050,0.0
3952921222211520,0.0
2214227708654560,0.0
8321382931799380,0.0
1196654424419160,0.0
6708762676076550,0.0
9980083224102220,0.0
6696533393394620,0.0
5220848790793270,0.0
4248965349431790,0.0
4173507525958910,0.0
1644561898481770,0.0
3793134068727090,0.0
9710696223776690,0.0
6595796561508240,0.0
9756737996282290,0.0
1546579816270790,0.0
3776460246714180,0.0
8860873645048050,0.0
4869538155777510,0.0
7643826696936310,0.0
2745031015701370,0.0
4010230231127250,0.0
5970395646202380,0.0
4609081837104030,0.0
4951269578429710,0.0
4074040619696570,0.0
3976423394488970,0.0
4739790908286340,0.0
8432887991921350,0.0
7450941610261600,0.0
7095244522602990,0.0
3283273078594010,0.0
6378398348129670,0.0
1075138212212860,0.0
9715393554177620,0.0
7022326383820340,0.0
4658791762387470,0.0
8051697061258600,0.0
6795031860696220,0.0
5268887183639940,0.0
3875994190016590,0.0
5243391487863380,0.0
9115817394580730,0.0
4517513012203690,0.0
3937639230715690,0.0
5267416455768540,0.0
6116863984425450,0.0
4940994165065950,0.0
4289505252687430,0.0
8168485768667020,0.0
4539220947767810,0.0
3736976174100620,0.0
6268913845548520,0.0
8095041207983580,0.0
8850654976883080,0.0
9292621025160400,0.0
6013264393876400,0.0
5586990666632550,0.0
5624555026736950,0.0
1397237051502550,0.0
3254218041327160,0.0
7636888281366210,0.0
6563615051647090,0.0
1980511479188090,0.0
5477239313824870,0.0
3886522033474460,0.0
3072611472340430,0.0
3888209655618600,0.0
1316718339155260,0.0
3377610037718030,0.0
2977552947581190,0.0
6975900971617750,0.0
2673122963225760,0.0
6582912132054670,0.0
2714501352176240,0.0
5728380088296980,0.0
2914056447027360,0.0
2031476128633560,0.0
6188879662462610,0.0
6993573661892720,0.0
6089355543176810,0.0
3458270327995420,0.0
1100413951657160,0.0
1374193882341330,0.0
7250216739447730,0.0
7862420841570380,0.0
5682388951569610,0.0
3614201643869090,0.0
9018675178799710,0.0
2401082678682860,0.0
2755035696490780,0.0
6195195166439220,0.0
1507531310477280,0.0
7908612186927270,0.0
8686855697093680,0.0
7478110930215960,0.0
3116485805983450,0.0
4511014345915840,0.0
2094176585093130,0.0
3051093292942990,0.0
6972058904640990,0.0
6211783852794800,0.0
3653572891517400,0.0
6650012341074290,0.0
1606544342599760,0.0
4157127838707500,0.0
8417789878383990,0.0
1063349307986640,0.0
1930192766932020,0.0
4475545319739740,0.0
4188275004564950,0.0
6661912149260730,0.0
6763477002428630,0.0
8798633897753280,0.0
9423514734158980,0.0
3732548526746790,0.0
3334987886326860,0.0
6149654482882250,0.0
8763229445067030,0.0
5383381534804350,0.0
9153744240361540,0.0
4045120986536990,0.0
8561016236805760,0.0
8312399149487880,0.0
1560472913588600,0.0
9044456462202540,0.0
5129924416439010,0.0
1530227616886310,0.0
8401433133181620,0.0
4623356934361500,0.0
4436708246035420,0.0
2453504465612800,0.0
2275008334224810,0.0
7009335368369190,0.0
6349572086806950,0.0
5708423143466510,0.0
4724895051921480,0.0
1776622207476480,0.0
5693950331098980,0.0
3625912918880440,0.0
8167272857636570,0.0
8925268137423340,0.0
8396603937698680,0.0
2082157840137900,0.0
6766901198450130,0.0
6150322078568020,0.0
2381006008649150,0.0
8112147633052620,0.0
1288052052889890,0.0
7835088901425930,0.0
4277635227001060,0.0
4544349086856480,0.0
7538053312693210,0.0
1085484839007050,0.0
7811418162213240,0.0
6626423974486320,0.0
7318121615508110,0.0
9020078296453840,0.0
4464184224416080,0.0
9521597213474090,0.0
8742584403840450,0.0
8822765787408220,0.0
5242001080691760,0.0
8256351052315060,0.0
6911932046006360,0.0
2441100180268330,0.0
1567034272701090,0.0
7883354829194580,0.0
9101606163627710,0.0
1688000183323220,0.0
4351325404619060,0.0
4632954946329230,0.0
6737979170082310,0.0
6783569159011750,0.0
3159239108155080,0.0
8771856188712650,0.0
2961718318032780,0.0
7247924076118900,0.0
9189962392979430,0.0
2970137150906630,0.0
6664069133454740,0.0
4847022367588840,0.0
7700113431181560,0.0
9608269279654320,0.0
7122421384159900,0.0
4802834860259460,0.0
2997997098412100,0.0
7383719845621350,0.0
1165348693384600,0.0
2190706258573070,0.0
5666911325915760,0.0
6962541916011130,0.0
5810015434792530,0.0
5702646674015890,0.0
8892756568095490,0.0
1179356454570840,0.0
2679118124211340,0.0
4719846392801030,0.0
2845279660838350,0.0
7504610897728530,0.0
8111911612546780,0.0
9225122487667980,0.0
3343722855987340,0.0
3551837943918310,0.0
1841917858658910,0.0
4557336822217480,0.0
4027624652554190,0.0
2991863373503430,0.0
5022918774700830,0.0
8595982339493230,0.0
9595969192559500,0.0
1002671785201300,0.0
8863285392162370,0.0
2959774302173990,0.0
3629515088418300,0.0
6841423700918340,0.0
5401308360314310,0.0
3671056489117030,0.0
8840541516621520,0.0
8558116444839830,0.0
3720291577032810,0.0
2882317228906230,0.0
4564501942947780,0.0
5708465494768880,0.0
2999464567565580,0.0
9688139487786230,0.0
2601587790022810,0.0
5626259652453470,0.0
2091342226791840,0.0
7549322087267950,0.0
3017591915122770,0.0
2187506307630340,0.0
8492460479148700,0.0
9509466983113100,0.0
8765772046753350,0.0
8785515796370820,0.0
8703862522564250,0.0
5270665066811120,0.0
9505199411124070,0.0
9823437132708810,0.0
4645262782567010,0.0
2287936773511630,0.0
2058946072625260,0.0
8756801583068770,0.0
9797631135406750,0.0
1420729274382110,0.0
9838046151427030,0.0
4105911083647960,0.0
9900878469965910,0.0
9325726633121760,0.0
4261018034904750,0.0
2747215531324350,0.0
3749495036299420,0.0
5052889710852900,0.0
1882493161185380,0.0
1536554277030280,0.0
4146640673968850,0.0
9328905891347380,0.0
7547588533335910,0.0
8916077511064440,0.0
2486048570477250,0.0
2060403491845100,0.0
4255847031595300,0.0
4856504816716800,0.0
9133329713901790,0.0
6414923600108070,0.0
2516147966335090,0.0
4658331917637080,0.0
2816597967210600,0.0
4057797119136710,0.0
2056227315966580,0.0
4382560654952530,0.0
4901201283478420,0.0
6104611174154490,0.0
2645506445939900,0.0
9163632371243430,0.0
6792120835993880,0.0
9970409555625870,0.0
6472533355043740,0.0
9291777938314600,0.0
5960195039679380,0.0
9504853302004510,0.0
1473755747150020,0.0
9843896931843140,0.0
2038409134279330,0.0
3471725320514400,0.0
3021999313089540,0.0
6437291255404480,0.0
5514024472041430,0.0
5968372232662780,0.0
8251224071448790,0.0
4017634855254570,0.0
7170478741918030,0.0
6489686184981670,0.0
3118857064606530,0.0
8102779242102440,0.0
5247647250821400,0.0
1021349384427860,0.0
6224042069313750,0.0
7499131641726640,0.0
4823036178393500,0.0
9480362004703500,0.0
6239764036329510,0.0
9927805031451720,0.0
8195230430504480,0.0
2165688885912460,0.0
9888119958649790,0.0
6143449906189610,0.0
9171928079655720,0.0
2961266492593120,0.0
9105634501959970,0.0
6240171460686540,0.0
1206110414263180,0.0
5737750023977190,0.0
3074399910455430,0.0
8869641263470520,0.0
8635541519672760,0.0
8801183414361220,0.0
4335422372347310,0.0
2111767200519650,0.0
8651236212309120,0.0
4273096077413980,0.0
5527473647720010,0.0
9817179729021890,0.0
3269467307935760,0.0
5424365273571880,0.0
8508606513775880,0.0
6765286884348290,0.0
4018751904844840,0.0
8913581313724430,0.0
8071422873506720,0.0
5400711087890780,0.0
6521484363568360,0.0
8993289268504660,0.0
4388022479684440,0.0
4647108641973420,0.0
7588799923553190,0.0
7297287699109910,0.0
6783788247960500,0.0
9772250784248210,0.0
8600144061722600,0.0
2564010143251920,0.0
7193010087741770,0.0
9108369056713520,0.0
2024235301117480,0.0
5040792184534940,0.0
2642035882435960,0.0
9094622661415170,0.0
4832746009478150,0.0
6220197045880150,0.0
6200316396217570,0.0
6456160565553120,0.0
4335027979434310,0.0
7150801762396190,0.0
5687761317792040,0.0
8070613081769180,0.0
1738994927287840,0.0
3489137256713600,0.0
2897101132696370,0.0
2406565976689990,0.0
3872847275760820,0.0
4600193496517690,0.0
3239703084291050,0.0
2133594219423300,0.0
6831520147765480,0.0
8957644121453190,0.0
5379620595420160,0.0
3936096197436380,0.0
8383557143438610,0.0
2026864385817740,0.0
3030436665894800,0.0
6566435242691150,0.0
3791486061624130,0.0
5668991624188300,0.0
5636796372123020,0.0
9462357030344340,0.0
6215703134389290,0.0
5963252842963150,0.0
3415395319263570,0.0
1636790220435390,0.0
5612193394237180,0.0
1592715500255710,0.0
1954549432334910,0.0
1840078922506610,0.0
2733955720641620,0.0
3678658092936370,0.0
5378374233770230,0.0
4305015951990520,0.0
8001425622137090,0.0
5256942732070070,0.0
2047190300461590,0.0
4425042961781590,0.0
8868156246259520,0.0
8018576397937350,0.0
5176856775088250,0.0
8878995828216180,0.0
8052885942359970,0.0
7859285707959710,0.0
6074122168628150,0.0
2843146146771440,0.0
1990265943656590,0.0
9470815475698220,0.0
3253175516175810,0.0
1308732057614210,0.0
3901647161934820,0.0
5968241014759730,0.0
9705961777864520,0.0
1752737926323980,0.0
2307695963160310,0.0
2947223912755820,0.0
4774727801408720,0.0
6504222708748400,0.0
7637380533704310,0.0
7400159920261480,0.0
8695127008717580,0.0
6722507598908770,0.0
5010881010156470,0.0
7442447990419640,0.0
4212917725171000,0.0
4402327884712740,0.0
9577383599088190,0.0
8596633410404830,0.0
8327332515408850,0.0
5628524227736410,0.0
5865617395773270,0.0
1858041064031590,0.0
2980523458866040,0.0
9703438243436570,0.0
8623264947528050,0.0
5467466347670490,0.0
8371098122435080,0.0
9550772046172920,0.0
1789267648116500,0.0
8568127804545070,0.0
4252043759024960,0.0
1932194699048340,0.0
7365292355557160,0.0
9787308916009910,0.0
2793373508638880,0.0
8218031937524600,0.0
8355582361617570,0.0
4245785195567940,0.0
2689116911441590,0.0
9673583840593640,0.0
8289421289019630,0.0
5382278150424470,0.0
5417558512256210,0.0
7895194915156570,0.0
4893885286710720,0.0
8525806315183170,0.0
7886301948429730,0.0
7827214917307590,0.0
6517365479011540,0.0
1472281978745400,0.0
5320568504000800,0.0
2348499129193020,0.0
5759471921777270,0.0
1093538715304640,0.0
6304101623193270,0.0
6210719285251890,0.0
6009438470760200,0.0
9899802638694550,0.0
5136120116871480,0.0
4587898566249440,0.0
4460351591563190,0.0
9979956120972580,0.0
1561097406559230,0.0
2480816409200940,0.0
4454752012633800,0.0
4859983610435430,0.0
9978762451878810,0.0
2032989541405550,0.0
6316697862467170,0.0
2757313625766480,0.0
3078845242922950,0.0
4532190968735090,0.0
8311668242247890,0.0
6881671531539860,0.0
5358551016322670,0.0
7718507663621970,0.0
4231723433757480,0.0
6707365205155200,0.0
9104966093354210,0.0
3941851676551980,0.0
2467813339847620,0.0
5498128323435540,0.0
5310657712823870,0.0
1980916754593800,0.0
4139823715227500,0.0
5860060154870980,0.0
4127344441684010,0.0
1527683408680050,0.0
6570313273289290,0.0
4863231022841870,0.0
5849906415373880,0.0
8136182321859120,0.0
1046702192746020,0.0
5898235037596800,0.0
1580844542422470,0.0
6979844946156770,0.0
3516036748602020,0.0
1503667114842080,0.0
8492922534075440,0.0
2390262784705010,0.0
9753137866750830,0.0
6301521389253400,0.0
2522028338624990,0.0
7909638142927950,0.0
7905867659981820,0.0
5939205598969910,0.0
6792350307608020,0.0
4673660776596480,0.0
7040894155546320,0.0
2586941702647790,0.0
2988631959553550,0.0
2312298440627400,0.0
5724271581581350,0.0
6952289776149390,0.0
8547492989961580,0.0
2931900316808970,0.0
6106772007225760,0.0
2527868996604730,0.0
4962199545309850,0.0
1125369694153770,0.0
6461525792556990,0.0
7388613730882130,0.0
6163461242884530,0.0
6652279825655220,0.0
4183012162119920,0.0
2312659334029080,0.0
9954977399018060,0.0
5884705644568530,0.0
6542400232378360,0.0
2229351542640000,0.0
7394973087981830,0.0
3079216804904270,0.0
1281446917888770,0.0
2610738231939890,0.0
1185767672366410,0.0
4656980330499700,0.0
3353290744458070,0.0
8044276881767570,0.0
8402590887577080,0.0
9779477482247210,0.0
6439001126855860,0.0
4820192805095360,0.0
1038376755133930,0.0
1560419457772790,0.0
1747045695464830,0.0
7174398749638900,0.0
7385170094805250,0.0
7104155054843540,0.0
1423029128199500,0.0
3139493060295340,0.0
1112724798022510,0.0
2014370366599140,0.0
2401820284868000,0.0
6059811930858190,0.0
8329804695218370,0.0
7405958782448660,0.0
4309027183423900,0.0
8751382102567270,0.0
6148104450773870,0.0
7339553375890860,0.0
1107732993817900,0.0
8596508770160630,0.0
8777347430622050,0.0
3352452056555520,0.0
1571247004284550,0.0
4328242033484450,0.0
9630178222469960,0.0
6212140785876300,0.0
5842747513569230,0.0
2110170082032110,0.0
2913692419844760,0.0
2058342733143020,0.0
4399616595842270,0.0
4341692864358480,0.0
8757594752435440,0.0
7712168497607750,0.0
6573543322373950,0.0
8950938110575730,0.0
3693474923407760,0.0
3637973184322810,0.0
4310996240928900,0.0
6229829977197960,0.0
2991698976559960,0.0
9450140237247850,0.0
7591977092261000,0.0
2478848708876120,0.0
2987540037009200,0.0
5469180231125270,0.0
4497329973489380,0.0
8931804627404280,0.0
8043577426018290,0.0
9933127844188720,0.0
1861353544906850,0.0
8157050865024030,0.0
7368667703663030,0.0
6097194612615970,0.0
8806141251604320,0.0
5687700312344790,0.0
8247515342981230,0.0
4861211460575410,0.0
2106829164817160,0.0
8388822713519240,0.0
6733416064697160,0.0
3450011761448700,0.0
4643758192068860,0.0
7218360415558870,0.0
5362369505542110,0.0
7750435509946150,0.0
9618058094373340,0.0
1961961521661900,0.0
8457721678548910,0.0
9854335268822760,0.0
2574407955962200,0.0
5350924858839850,0.0
7660308468503410,0.0
1766858910574170,0.0
7782919551180270,0.0
2493382532585690,0.0
2042321773601560,0.0
1699215481947110,0.0
8914383864309640,0.0
5172245133312440,0.0
9112610880975280,0.0
7524833842129250,0.0
9872204077542790,0.0
2605336843838460,0.0
7363674504390250,0.0
4533879134298720,0.0
1876322767529780,0.0
1229660620658680,0.0
7011160726169930,0.0
1550613786370030,0.0
4531738862041220,0.0
6721646919372990,0.0
9299447575781330,0.0
8011717637666430,0.0
9280557304717020,0.0
3918703512998240,0.0
4770418126659880,0.0
9811795900985380,0.0
3246373226391090,0.0
8729521495679490,0.0
8817330121360050,0.0
8543639411876940,0.0
5402045177034760,0.0
8749141904380550,0.0
8127645241777540,0.0
4399797486815960,0.0
4170423964307420,0.0
6276814737450380,0.0
8891815843620520,0.0
7317002267788720,0.0
3847959487845460,0.0
9204189719077010,0.0
4450225777971760,0.0
3237323277477910,0.0
6574491817443940,0.0
7100728147003890,0.0
3866782534016770,0.0
3015608981150980,0.0
5699915779299510,0.0
4970360009054430,0.0
4582741479343490,0.0
4231851820579260,0.0
5580608367859740,0.0
1355903471383670,0.0
9262558530752460,0.0
9786498713377470,0.0
7849768284197560,0.0
7157739963211320,0.0
8799317204398650,0.0
8305069881221150,0.0
8371916825026820,0.0
8256777428793230,0.0
5230337257379380,0.0
9755567801148550,0.0
7717420187917040,0.0
2775202704622800,0.0
9225156435165050,0.0
4260924295782700,0.0
3029363177633350,0.0
9493293275353430,0.0
6287011342002090,0.0
1098674469228350,0.0
8228999026843470,0.0
5351072733703460,0.0
2498142109539380,0.0
9628436159284430,0.0
6924247131584910,0.0
2874288378004310,0.0
7695012182106060,0.0
9968201007578980,0.0
6160963738589490,0.0
8148938084305870,0.0
1934662795921350,0.0
3866937698221800,0.0
8911699114203990,0.0
5121470955926730,0.0
5068151134151260,0.0
7033995044049240,0.0
6158277589657040,0.0
5223698237042730,0.0
3147638240894260,0.0
9748367444876820,0.0
4701930331084630,0.0
3812625940010820,0.0
3042576336602410,0.0
6010984250999080,0.0
3829843013191070,0.0
3482324020362740,0.0
1375370823239280,0.0
4329290978911250,0.0
6483359169376500,0.0
9364542070271250,0.0
3357890677789050,0.0
7881929515125840,0.0
8716579934054730,0.0
3691020159041490,0.0
9652989968204850,0.0
6722449236217620,0.0
8457575242612850,0.0
8163404988899180,0.0
4546941437119020,0.0
5202908472268570,0.0
6775030302970760,0.0
1123233958012800,0.0
2825440307381330,0.0
8215517682838020,0.0
6784269775111030,0.0
1744708282598320,0.0
1391638014023700,0.0
7064333701293480,0.0
4000097759866000,0.0
3379277234279290,0.0
5658301724040890,0.0
3046411065623040,0.0
7602214227094130,0.0
9665791523567290,0.0
1544187671433000,0.0
5474836512485350,0.0
9821965974918900,0.0
2437054868063620,0.0
3665294627929930,0.0
8882478207890670,0.0
3835555661641640,0.0
8355762591159230,0.0
8092731262371870,0.0
9753476720917220,0.0
3047185868466330,0.0
3306806357801680,0.0
9048331956430470,0.0
2411844057667670,0.0
6028634073636860,0.0
6722449236217620,0.0
7073200920992640,0.0
9176073735203190,0.0
6873311926004670,0.0
3799045340464810,0.0
5717453717757460,0.0
5523649533565800,0.0
3807354090825510,0.0
8810294548302490,0.0
9280136958162600,0.0
7135267459977060,0.0
9193759612150360,0.0
9468961007048380,0.0
6172481446631530,0.0
6979217729313020,0.0
8064489123861410,0.0
2700681399402320,0.0
4816207226694550,0.0
3312038436981670,0.0
2638780516636460,0.0
1413666709675220,0.0
7441995327738490,0.0
6401046537915530,0.0
7467741668931800,0.0
7856946003906400,0.0
9116831165070130,0.0
2697716296176110,0.0
5099922085149950,0.0
8929438937569490,0.0
4564231858109010,0.0
3588975524846350,0.0
1384107937605120,0.0
9863400548123140,0.0
1037794963602160,0.0
1012851267144590,0.0
4216234293188930,0.0
3722061073113280,0.0
7837196614623080,0.0
2222841191781800,0.0
8318994722166920,0.0
4784009667221230,0.0
2606252083540020,0.0
6206706066935720,0.0
4360389307292150,0.0
9039841002309670,0.0
4474987159947540,0.0
2024077788557430,0.0
6203204789777020,0.0
2640952546783710,0.0
4201197254406670,0.0
7502307350868950,0.0
4611020989184810,0.0
5845836250418600,0.0
8543978143560440,0.0
4648629700278610,0.0
5814961131082670,0.0
5597463814326610,0.0
8119317711219830,0.0
1717271091450760,0.0
9017157898746420,0.0
1279575915229260,0.0
1218017245792580,0.0
1530045687054130,0.0
7884788912460350,0.0
9968539354601530,0.0
8278874944660550,0.0
7316776685840420,0.0
1494156137480450,0.0
5967068066878680,0.0
9676161427612560,0.0
9294011854966830,0.0
9767323209982890,0.0
5864005133316310,0.0
1590783651169280,0.0
9309614588994200,0.0
5747463672992770,0.0
1076800856932570,0.0
7672086470975780,0.0
3232931224139770,0.0
3805050466456700,0.0
5251005763205190,0.0
5359464051904420,0.0
9095993624740020,0.0
2810503975611540,0.0
6203286832039870,0.0
8983370649828730,0.0
8252519245582280,0.0
1071260538059360,0.0
7329911830553380,0.0
5860123958831730,0.0
4716141156225600,0.0
3952758700675950,0.0
8767461683322850,0.0
9440457508885090,0.0
2302488491611000,0.0
3537669418708490,0.0
9320555417444830,0.0
6398401126231410,0.0
7401368908238770,0.0
7568102981921100,0.0
5192013978240740,0.0
2938373177269440,0.0
8786061156060210,0.0
1826028137591220,0.0
1167903647305520,0.0
8568257267713440,0.0
2583162808102080,0.0
5085403997713350,0.0
2223574838855360,0.0
1160955206006910,0.0
8249465023426550,0.0
9066900536657620,0.0
8134059224169670,0.0
2215269519745240,0.0
9842061658741610,0.0
1096594991476310,0.0
3124956764670750,0.0
8301197551237360,0.0
4465528438513820,0.0
2008884257619190,0.0
4447832208799790,0.0
2499499116149190,0.0
5781541699945260,0.0
5417654220571900,0.0
2972970053421480,0.0
5227730172558060,0.0
1463929002538510,0.0
1864150509412890,0.0
7365539457892260,0.0
9475279849443110,0.0
8603520934737110,0.0
7881637947076080,0.0
7051650212910980,0.0
6131093354836670,0.0
3092600616904880,0.0
3231102509571770,0.0
9522578944868470,0.0
9030994990295950,0.0
4832928003620000,0.0
1013413319167490,0.0
8019470856175530,0.0
1031816017313570,0.0
5406476556074500,0.0
8219808905223500,0.0
3938828337782880,0.0
6793058742029820,0.0
2587287560186830,0.0
7971141316867930,0.0
6620091189342060,0.0
3172411242735600,0.0
6110272474677520,0.0
4362635642920020,0.0
2217936734133440,0.0
5692841870433000,0.0
8286237839668020,0.0
1646685792534230,0.0
4424653730796550,0.0
9595420345966050,0.0
1941452733454330,0.0
9173793149093510,0.0
5198219033366800,0.0
8016383686194760,0.0
1757087408663380,0.0
2168363056724030,0.0
2528701728361900,0.0
7902406143837010,0.0
8793254491152940,0.0
6111493245958180,0.0
1642746024535470,0.0
3543623690228070,0.0
2051277490899170,0.0
3658901469760200,0.0
6102087275337330,0.0
6899140294623300,0.0
8204635404375920,0.0
7627864213681320,0.0
4306255613539710,0.0
6629387338733040,0.0
1013948831239030,0.0
2552702467483060,0.0
2131639963997590,0.0
7973550435737830,0.0
9036382338108330,0.0
3482146896298240,0.0
5611882329201780,0.0
9608972132347840,0.0
6981597882809420,0.0
4574746677327890,0.0
1746454914123980,0.0
4128297824596570,0.0
4306670610142620,0.0
1029968594512600,0.0
2987677830057840,0.0
4037770368385690,0.0
1445153248499900,0.0
9440494244735800,0.0
6895764450184030,0.0
5867404120460280,0.0
2238022054797560,0.0
6002468172332120,0.0
2107563452025240,0.0
7408020176533420,0.0
1675426456308640,0.0
8017582171560530,0.0
5306196798458840,0.0
5876219014197300,0.0
9624971328700900,0.0
9973594141332910,0.0
7518665562849690,0.0
9603741581023970,0.0
2116322285264930,0.0
2056782622684220,0.0
2018069172312430,0.0
2509093438648440,0.0
1556642689865420,0.0
4471185499969640,0.0
6866927452735150,0.0
3589451946811340,0.0
5995326170442780,0.0
2281417331764590,0.0
7175714693558460,0.0
6900686188344630,0.0
9058295795238340,0.0
2508534343405200,0.0
1079853589013760,0.0
4995353014411500,0.0
6103094282333760,0.0
5822899599358650,0.0
9085713880386130,0.0
6112055842143240,0.0
5664768197394410,0.0
2177520046818460,0.0
7193922752375900,0.0
8807925336638450,0.0
9223200818883320,0.0
7259551237258390,0.0
7125570302311750,0.0
7185839265448130,0.0
6505139406250840,0.0
5443868225429050,0.0
2012807311216820,0.0
4506530728479130,0.0
6237828805104290,0.0
8359869492058170,0.0
2309960818225220,0.0
8924842922116140,0.0
9791283788286790,0.0
6882648335950320,0.0
7185266678603000,0.0
9811018628767380,0.0
4024244304832900,0.0
8975273493759790,0.0
5324001471447860,0.0
4426369369614570,0.0
4477221513187360,0.0
9496195648195560,0.0
4901491331398820,0.0
8411135898102870,0.0
5488747604984140,0.0
9722650538003840,0.0
4485901232497900,0.0
1793093033263770,0.0
1730785958805150,0.0
1864644953215460,0.0
7067810501698750,0.0
3434632486159620,0.0
1365541438507100,0.0
7852994577503130,0.0
8196604745322140,0.0
1432202667517470,0.0
4268332948099350,0.0
9227293382512930,0.0
1927805819813340,0.0
5570250318309200,0.0
4900443521211430,0.0
7945425011974410,0.0
5514061076766410,0.0
2904432112228080,0.0
4158103196260460,0.0
5062162580274670,0.0
2881396378975490,0.0
2706799170550930,0.0
1843813162675410,0.0
3422629544503570,0.0
6843897920167620,0.0
4237298202409780,0.0
5234730638792560,0.0
2842012034003210,0.0
8165821148530040,0.0
4661441992311670,0.0
1565160439220520,0.0
5537230037413480,0.0
7295104036763080,0.0
4532213679198970,0.0
5165103241633840,0.0
1712005173957030,0.0
6279289800723400,0.0
1474423051465230,0.0
6662237948525290,0.0
9221953339335700,0.0
6718016911929640,0.0
1718000909052080,0.0
9278426828368620,0.0
4618971844257530,0.0
6828222059460880,0.0
9702838232004860,0.0
7297567726533370,0.0
3060252663701490,0.0
5128408117229230,0.0
5633174319081900,0.0
2557291820683050,0.0
2506712786813530,0.0
4111956463795160,0.0
2017685429395900,0.0
5502662402903670,0.0
5161658355054840,0.0
7365947656247710,0.0
5537410087213280,0.0
1136708295972860,0.0
6872825640241390,0.0
9771998476507980,0.0
5033102731874760,0.0
1412060665550050,0.0
3171398119458310,0.0
8381850708936980,0.0
7772976864931130,0.0
2169185532323490,0.0
6973767633267760,0.0
3011361537910310,0.0
5844399577662170,0.0
2807730355449730,0.0
5101455655608140,0.0
5754740236263260,0.0
7363746190600090,0.0
5983140585949390,0.0
2772355518922500,0.0
5301564087626870,0.0
5152623085065610,0.0
9781863518260470,0.0
2217797640683350,0.0
9406116406324440,0.0
3064794822330240,0.0
2834170616600820,0.0
8248783900910360,0.0
7256618933475320,0.0
8669493094049920,0.0
3087198011884710,0.0
9843455540540930,0.0
8867403201875020,0.0
7829200252751800,0.0
8186829291806930,0.0
7132598332315960,0.0
6855960251782170,0.0
9594000012180600,0.0
2583131645588220,0.0
9993930317389820,0.0
3970978326814280,0.0
1695713772018380,0.0
3493523659685080,0.0
8355817043421090,0.0
4609182523145050,0.0
3093262983514130,0.0
4670671539384500,0.0
6675524285070040,0.0
8249399407748010,0.0
1878649406241710,0.0
6559758967767870,0.0
6455627107788000,0.0
7191583752475570,0.0
9502756666056100,0.0
2421873830859860,0.0
1968403438952120,0.0
6550849896121890,0.0
5302188410539530,0.0
8234849842724570,0.0
1485264627958650,0.0
7118029817965650,0.0
5482837356628610,0.0
5130344529516480,0.0
1907536354762440,0.0
9067296701580030,0.0
6238120844278270,0.0
8595029523862000,0.0
9687633562802080,0.0
2420148083481010,0.0
2489312876335220,0.0
2812409414362180,0.0
7000668916985690,0.0
4365561705166540,0.0
7899211209192680,0.0
7614165941639450,0.0
4588077498654190,0.0
4281749715166940,0.0
2936809444600580,0.0
7008153879895620,0.0
3382015572602130,0.0
4072954641325340,0.0
5423146723754310,0.0
8209932797015820,0.0
9332933713374710,0.0
4489807054580350,0.0
7763440309754130,0.0
8964342385523680,0.0
1383038718687050,0.0
4272280419686910,0.0
2029525895450860,0.0
3394453564035600,0.0
9167491153858720,0.0
7928994103057040,0.0
4477952172230780,0.0
7579804606852290,0.0
6869537787963320,0.0
7705928488325030,0.0
2524903088983860,0.0
2204416982754460,0.0
6913170667695840,0.0
5490696686174980,0.0
5680759065895430,0.0
1462738237342220,0.0
2434828405713360,0.0
6539778190537650,0.0
3550412779240910,0.0
7152218253896110,0.0
4604882943865280,0.0
8643479873613390,0.0
9035018698217160,0.0
8615943091002570,0.0
5545070513598580,0.0
6901161037981020,0.0
9564280031587920,0.0
6629743074426210,0.0
2938569040833440,0.0
2431634661821880,0.0
7310538306584310,0.0
7633235566938090,0.0
7218762751004390,0.0
4764499939777480,0.0
8160653899272840,0.0
8987048870720820,0.0
7801829622619220,0.0
3157917111487290,0.0
6517304073441070,0.0
8280380882747810,0.0
2797983965057250,0.0
3781960051527650,0.0
5536525216989700,0.0
6313950912994420,0.0
8737246474449560,0.0
5937007446658800,0.0
6064983111570050,0.0
6303791908386070,0.0
6495711199356980,0.0
6196239836321010,0.0
8244802774869490,0.0
5377324490650720,0.0
1863629816450270,0.0
8230046938849160,0.0
2568001108376920,0.0
6993171087031430,0.0
7024432587504790,0.0
6258585311763960,0.0
3605678070789790,0.0
1674666509888170,0.0
9150338177896570,0.0
9302519741000770,0.0
8616905314833390,0.0
7228633775091660,0.0
4797237866689380,0.0
9697288263001570,0.0
6621828996190310,0.0
8006964131162080,0.0
8679816077804690,0.0
4170612977896060,0.0
8474538810742980,0.0
7699319686532500,0.0
9593840379620850,0.0
2254343407107220,0.0
4066644858191000,0.0
5424957053288940,0.0
4635791795351330,0.0
4309900130211040,0.0
2220960102559780,0.0
9374396740880470,0.0
6282879882091240,0.0
9639969130571580,0.0
4484545135654550,0.0
9596156397025150,0.0
9496742984415820,0.0
3823934511518850,0.0
7688531758506510,0.0
1389577322369570,0.0
8096703306930450,0.0
6176362767132760,0.0
6152079587124090,0.0
5821614158422960,0.0
2893284373521720,0.0
8973832026562650,0.0
3607043314640120,0.0
2873717543263150,0.0
2345906918893800,0.0
5053705016328330,0.0
9879651063506050,0.0
7803474723228020,0.0
5702318775163110,0.0
9897661761970340,0.0
5582567712644790,0.0
1335347777642830,0.0
3580717884481180,0.0
4863968012754270,0.0
4963351812348770,0.0
7215106528273910,0.0
7515698516337500,0.0
2221870330830950,0.0
9957675208868170,0.0
4234753402485220,0.0
5562741587399230,0.0
8166553358630740,0.0
5185346667980160,0.0
5274266083435000,0.0
1820368144397860,0.0
1383747755696220,0.0
3637083656738190,0.0
5944647936943760,0.0
6537904815800480,0.0
1585947712399220,0.0
1186512876879830,0.0
6456458447232860,0.0
6468681999586060,0.0
8713620917977420,0.0
1586974912555680,0.0
2905703916472550,0.0
4740337121686150,0.0
3302999000383530,0.0
3676722041609370,0.0
7510970034147420,0.0
5877862112859030,0.0
7449298273218340,0.0
6819496920901860,0.0
3656122064201080,0.0
1930514083387530,0.0
2160681174472200,0.0
6484985884597760,0.0
8873795096825760,0.0
8230701544647970,0.0
9062170996562410,0.0
8191079929560090,0.0
9408276634814240,0.0
1542042118061620,0.0
5931397196829170,0.0
1093504306818910,0.0
8982626255346110,0.0
2810233231676820,0.0
2802475838578560,0.0
5253274129313630,0.0
1002653100440690,0.0
3263369793392160,0.0
3380771651100670,0.0
6274585481077300,0.0
5738888760684690,0.0
1345121111870810,0.0
2295830724151720,0.0
5327087206109790,0.0
7388428330723090,0.0
8244637938011070,0.0
1252972910137350,0.0
6521809309704660,0.0
6036454264689910,0.0
3376573110970970,0.0
5649927149256270,0.0
6740779917081990,0.0
7260417731189140,0.0
6871662127986190,0.0
5286122286847110,0.0
6665980953192390,0.0
9254056161488470,0.0
9055759940024960,0.0
9511717539891830,0.0
8334708692131740,0.0
5170113889593630,0.0
2494680458609970,0.0
5085290139918680,0.0
3016850906357100,0.0
1675808635387650,0.0
8393568119382900,0.0
3054869914313730,0.0
7031594888737990,0.0
3370532355984230,0.0
3664499334968540,0.0
8647756942066790,0.0
3097786953651090,0.0
5521810583369660,0.0
6626612155044660,0.0
7407002337125680,0.0
8729482381508150,0.0
1766225475815350,0.0
8112882123500790,0.0
3651344367594160,0.0
1939073441408210,0.0
8681741497381230,0.0
2260677632289330,0.0
9183107977998970,0.0
3984863152257020,0.0
7413170341860170,0.0
9956851899940470,0.0
3882100693942510,0.0
8797947343557690,0.0
8438595474465440,0.0
8064182320680480,0.0
8222236392211010,0.0
7084354187582740,0.0
3986047540651930,0.0
8049964843224380,0.0
4368041188054840,0.0
9741202265155640,0.0
8601584456494530,0.0
5961882242228060,0.0
6386903088035270,0.0
1769474124301200,0.0
4827386331024870,0.0
4408720894280900,0.0
2215251072281890,0.0
3871575774211440,0.0
4856359246538280,0.0
2052691955667980,0.0
8555716960873960,0.0
4441772773577240,0.0
3167573218004100,0.0
5585279269986760,0.0
9928432108645950,0.0
4783366938833860,0.0
4502905210092300,0.0
9359187779627060,0.0
7140838654374880,0.0
2530831828164420,0.0
3265207067596860,0.0
4219749941145650,0.0
6559210502811060,0.0
8496436929468160,0.0
1533201621874500,0.0
7937754204216400,0.0
4491597712417310,0.0
9559871791981140,0.0
6776015696828730,0.0
9887277869148970,0.0
3678339373356740,0.0
7028932857087750,0.0
7475130829664430,0.0
5664418039875800,0.0
5896790291199330,0.0
3071647129857030,0.0
7493292027350580,0.0
2190014055405870,0.0
6889671329893970,0.0
5332959663717860,0.0
9075384295455730,0.0
4031064717424110,0.0
3829049135628690,0.0
7705202626843300,0.0
2404048657364080,0.0
6722159055781820,0.0
8625646655655920,0.0
3980676558932000,0.0
7135016011091830,0.0
5884486396191070,0.0
1761472720849040,0.0
6469002257060730,0.0
6954152562908030,0.0
6661241783040440,0.0
3618996483624790,0.0
7550076086599680,0.0
2767868052809240,0.0
2879457015517980,0.0
9557773271706130,0.0
7619555187042800,0.0
7434767584425690,0.0
6069159318795050,0.0
3767811044570030,0.0
7082897168356690,0.0
9972318360725010,0.0
8907124779378360,0.0
3168179556383230,0.0
3707318875300050,0.0
8694776411774070,0.0
5745587814472780,0.0
8857970616186930,0.0
1474948423598970,0.0
7936518227567910,0.0
4931457084375160,0.0
2429094572217150,0.0
2727721146570000,0.0
5745575834323690,0.0
5152213068821380,0.0
3116290390076890,0.0
7991842259539660,0.0
7228991270001310,0.0
3664871699122340,0.0
7592975394315520,0.0
1711643509554530,0.0
1462482297270150,0.0
2319457992505610,0.0
7969441508689880,0.0
2005015968556920,0.0
5613272615324490,0.0
2031839872129020,0.0
1535836655273570,0.0
6634647601336110,0.0
7079027248907410,0.0
4809806576539010,0.0
8223960638886360,0.0
4341122055707580,0.0
2482833790905980,0.0
7061335355508300,0.0
3763690973545990,0.0
2958483198682870,0.0
2166031828213700,0.0
4641913569309920,0.0
3428876769326860,0.0
1305946076120020,0.0
4623904747509790,0.0
8952275127295740,0.0
2509881799763870,0.0
6906129735645440,0.0
8512527861834350,0.0
8797582017423050,0.0
4218646884661050,0.0
4357546442058670,0.0
6288370812482970,0.0
8666786945009000,0.0
2597245301522190,0.0
9676213222718930,0.0
3050590605494250,0.0
2098899915875350,0.0
7543764669609200,0.0
6286500883941890,0.0
8511222564711760,0.0
4382814209209040,0.0
6081491347406790,0.0
2997224849194540,0.0
8465668178876700,0.0
9163928220013170,0.0
8449649179245330,0.0
4658342165902230,0.0
9170646762631330,0.0
5439496141808430,0.0
6004749393792110,0.0
1579532630009610,0.0
3430937809843100,0.0
6123199894626640,0.0
2708159929728250,0.0
9856541860814880,0.0
7911374817316490,0.0
1503170922895020,0.0
5794875536040990,0.0
6364367207377510,0.0
6752392889585870,0.0
8944939411503150,0.0
6540316992783030,0.0
3272823775750210,0.0
1771946212930200,0.0
4716553167554040,0.0
9878630791579150,0.0
2863412629072150,0.0
6770583486752130,0.0
7997923855320010,0.0
3479995829095680,0.0
2787713650016610,0.0
2392072428263860,0.0
7414332656441080,0.0
8323504448615060,0.0
3617066397703250,0.0
6385721392963950,0.0
9769784491530960,0.0
8129515472000120,0.0
8911598411051560,0.0
5407325132182560,0.0
8188839723083170,0.0
5460345174005380,0.0
7016409783568890,0.0
8341339341506750,0.0
1346784699591630,0.0
3777995271435040,0.0
8661940118565410,0.0
7354742753115740,0.0
6585503695346440,0.0
7001745222035650,0.0
2286962802910130,0.0
4220826376597050,0.0
5076986114070750,0.0
7490183841229940,0.0
1900443314967860,0.0
9073217512633710,0.0
1661033266433700,0.0
9827593354675440,0.0
2810839088002530,0.0
5975870624129800,0.0
3566511455155130,0.0
1343942406222810,0.0
8919436920310420,0.0
7398654636372860,0.0
5361454977510530,0.0
1106982659494650,0.0
4260282170363620,0.0
9864706002141990,0.0
7169680542509460,0.0
3391752812366950,0.0
1696000246230920,0.0
2479642509157230,0.0
4722531266087110,0.0
7468242724486390,0.0
3459431131649630,0.0
1675924108472370,0.0
2940854104653550,0.0
8497596050978220,0.0
6014845356602620,0.0
9704140002161830,0.0
5965732300259690,0.0
1606752040087220,0.0
4216843390667230,0.0
3246952504841700,0.0
8419114206827310,0.0
7048106040572940,0.0
6205634118217750,0.0
2525006309971710,0.0
7712666844763260,0.0
2592460958142510,0.0
8458758138618310,0.0
5091310890278470,0.0
4837025132862800,0.0
5763592061970050,0.0
7449420758093650,0.0
8949263475471240,0.0
2024366563150760,0.0
7343392908480230,0.0
3403798566408450,0.0
9010877866276150,0.0
1302335445252950,0.0
6843939705964600,0.0
5325068998314460,0.0
3648960542418030,0.0
5346810009386500,0.0
9061252607369050,0.0
7445342713711890,0.0
6791198787628200,0.0
9570403753046080,0.0
2285018945452570,0.0
8137939841558060,0.0
5136536406427870,0.0
9145011507441800,0.0
9994230225501370,0.0
3389853257355690,0.0
6023675852733920,0.0
5590608051431920,0.0
3529647147587180,0.0
9209656948245410,0.0
7670234837283190,0.0
2882017813491120,0.0
6043904563868260,0.0
1250180131108370,0.0
2287789511096340,0.0
8120524881044090,0.0
6360677095705910,0.0
7170596512292300,0.0
7052562416923130,0.0
6352170251164610,0.0
8741515772965030,0.0
9966035911791970,0.0
6553373738541860,0.0
9004426276089370,0.0
5205960981395410,0.0
4038302855391140,0.0
1266795118004400,0.0
4074067360608960,0.0
6043240005828260,0.0
8958484473830970,0.0
7840524442951570,0.0
8003097002823810,0.0
3338613341847140,0.0
1717962425039640,0.0
5619277654296430,0.0
8956508450782000,0.0
1306752695963660,0.0
1881536281845190,0.0
9125798408489380,0.0
1802992151258980,0.0
9997725368324040,0.0
8823156113136250,0.0
4056337118538900,0.0
6831719182649070,0.0
1155330591351120,0.0
5903130429271320,0.0
3601437257862560,0.0
3505972435444180,0.0
8188102526260710,0.0
7684390315914540,0.0
9443814537654710,0.0
5057363269856330,0.0
4517157756810020,0.0
9831460773029110,0.0
6977613544465950,0.0
2465522936269840,0.0
9652385927573930,0.0
3212562260963290,0.0
6792285323553360,0.0
4073564233346390,0.0
8623732478197350,0.0
4411865252506990,0.0
9700402278769510,0.0
9530055662736330,0.0
1689457957198350,0.0
7856157568848160,0.0
6142421498929750,0.0
2223872656000220,0.0
8142842585468420,0.0
8404670923411690,0.0
8351001405802550,0.0
9213177294199560,0.0
1711836561810320,0.0
3779313649978300,0.0
6885662154329870,0.0
8102598106472830,0.0
5261754133106800,0.0
3037695876986220,0.0
5627766089387120,0.0
9518694156756010,0.0
6265785708398100,0.0
8377984195640360,0.0
3708893711230380,0.0
7128890527345460,0.0
3561246148751810,0.0
6027828046273650,0.0
3950441716274110,0.0
3407919162521140,0.0
1293792939963190,0.0
8800261782339480,0.0
8838833320006540,0.0
5368646543983210,0.0
8705521016287110,0.0
6092952739967290,0.0
8580200818040460,0.0
3027325520881210,0.0
7849769136199220,0.0
2063380386233770,0.0
8654664448843170,0.0
9889076051065360,0.0
5093661571980210,0.0
2785848168107770,0.0
2955830616174960,0.0
2605900274409750,0.0
3274819394374230,0.0
7256842778500660,0.0
3321712432627800,0.0
5186079958889480,0.0
9906495741002370,0.0
1382933337213590,0.0
3401444687579170,0.0
9454152245406490,0.0
3472034157983330,0.0
9095795240947460,0.0
9823583095988910,0.0
7087752733614970,0.0
4980496788613090,0.0
7199750589794790,0.0
4991517908838210,0.0
9232553709781500,0.0
2069426704915740,0.0
7066565271051220,0.0
8271325730441040,0.0
4147077619320380,0.0
2113356237882110,0.0
1068416791189090,0.0
1690974281059950,0.0
1698541697769930,0.0
9206273282427150,0.0
6254746437412910,0.0
4931915193967530,0.0
7474245194306760,0.0
4973821268263780,0.0
9451524609465840,0.0
7124983267183180,0.0
6150747612770730,0.0
1631894808159450,0.0
9384732313321300,0.0
2281114509234470,0.0
5220225977965540,0.0
7679408351604180,0.0
2678877724431060,0.0
4658761078799380,0.0
5686316457286010,0.0
7163076303582120,0.0
4127177108393940,0.0
9537844658444990,0.0
1334587108966670,0.0
9728449433514810,0.0
2992335351461620,0.0
6073916467980680,0.0
4876115875608310,0.0
7917646441952390,0.0
1392080934370570,0.0
2533055204644180,0.0
2766092149701280,0.0
1773632173326570,0.0
6721173406701020,0.0
1220006111959360,0.0
5811820895884870,0.0
4744674985444800,0.0
2079311589816850,0.0
8005850450192260,0.0
1376638549390730,0.0
7659256545380870,0.0
7315753513782430,0.0
6016492910203010,0.0
8185324093871840,0.0
6976862933796150,0.0
2712422973507090,0.0
6343677747655380,0.0
5997149148564370,0.0
3173275680282940,0.0
3587574744476860,0.0
6973125976014110,0.0
6334114836623070,0.0
4734648788683670,0.0
8480806421492330,0.0
5785994264080090,0.0
9445252185872450,0.0
9785744158903460,0.0
2623436151302260,0.0
7309963683863160,0.0
7180831798679110,0.0
7164715364907820,0.0
1504851790762580,0.0
4419400740182440,0.0
3592123385818060,0.0
6199942532984420,0.0
1968862525816780,0.0
6027896904120060,0.0
4946092503517690,0.0
5788756181513390,0.0
5232106784141360,0.0
3486057125444580,0.0
6843214568550540,0.0
2814376598558300,0.0
5312159097586710,0.0
7498465707423980,0.0
4353751435674090,0.0
7612472859599240,0.0
7489520803635840,0.0
3480440256163610,0.0
6571023721072040,0.0
4408885778686530,0.0
1769433620196490,0.0
1696266061153240,0.0
3046196665516260,0.0
5032256517994550,0.0
5282237636129590,0.0
7067398372742760,0.0
5712573142470610,0.0
6086902126847650,0.0
6284245419895030,0.0
9471336065923610,0.0
7092414818425980,0.0
9613061507087450,0.0
9770486454332040,0.0
1126629681266350,0.0
3944332125422340,0.0
2538032709805270,0.0
8041362487307060,0.0
1176133769772310,0.0
2629925603630550,0.0
4044233939712110,0.0
2783739366841310,0.0
3264885574403270,0.0
1706876522154950,0.0
1996064730267480,0.0
2038237080712570,0.0
5139717999984690,0.0
2141942753185520,0.0
1899817289220740,0.0
4375279547113810,0.0
5817404997261950,0.0
6188134134304280,0.0
3112974051528700,0.0
3828901704018890,0.0
1167753626268570,0.0
7665975559498880,0.0
5612563448633790,0.0
2034951602883960,0.0
8797729686873630,0.0
7761658559093030,0.0
6334036989957550,0.0
5414787510550110,0.0
8167307838523270,0.0
6553091135446010,0.0
9843860060175890,0.0
7389409267527690,0.0
8717273527614580,0.0
3049799908610100,0.0
7604767766690690,0.0
9391688625870250,0.0
2391862866166700,0.0
1326950039001120,0.0
3702964594148540,0.0
6185558756511840,0.0
1392957633111780,0.0
4347967521975690,0.0
8613557590655820,0.0
1707002871614330,0.0
4564444903922880,0.0
2896521453393710,0.0
5128963663596540,0.0
2487423016767690,0.0
4775692645648050,0.0
8928158895091610,0.0
8731347020113870,0.0
5787762395602990,0.0
7662370680339830,0.0
6538781662748330,0.0
2270588460812580,0.0
6853414586424060,0.0
3753245302340970,0.0
4479893713655000,0.0
1604680471426600,0.0
4019798189584440,0.0
9547525601516980,0.0
1505691969815950,0.0
9521922840468400,0.0
3039331381219890,0.0
5747121870266850,0.0
1465336833873300,0.0
5950528509557430,0.0
4602983023349700,0.0
2797542261769670,0.0
2602600380820710,0.0
7910537666264380,0.0
3581310466614360,0.0
9512417090046890,0.0
7954589047845080,0.0
8057131427849850,0.0
2700610553862280,0.0
5980567284272210,0.0
5284783207387470,0.0
1373884208312200,0.0
9104544093021980,0.0
2828912115968230,0.0
6369470991595050,0.0
4596894409845490,0.0
7803976161067310,0.0
4519892342545030,0.0
4741661445872350,0.0
2569867680732670,0.0
3175911147422350,0.0
5206536534949170,0.0
3999012866821070,0.0
3787386995459450,0.0
2893877783532770,0.0
8651303415582480,0.0
8244565498947170,0.0
1894971594583670,0.0
9687719219847930,0.0
9707675139657660,0.0
3189102357445600,0.0
9411304344079340,0.0
1573247650094260,0.0
9972073558959470,0.0
4601704395796400,0.0
9377966001745100,0.0
9703063926981290,0.0
4471461012585340,0.0
6562842788518380,0.0
7267542181494340,0.0
3267213486228020,0.0
1905293617115250,0.0
2392914161796610,0.0
6500842414487460,0.0
5239500497906550,0.0
9651054110831880,0.0
5686657105339460,0.0
8943651569022160,0.0
5145256536938810,0.0
8734405935176110,0.0
6370490401506860,0.0
1253375718206430,0.0
6759884475837060,0.0
2140532072386110,0.0
1365226687859990,0.0
8272647687761110,0.0
2852965676174920,0.0
3051482979548270,0.0
1346279037275620,0.0
4996169998218370,0.0
9033646460899090,0.0
8066355865714880,0.0
3985218885767080,0.0
2106317402821680,0.0
7837596972734900,0.0
1091161873523280,0.0
4709518728093250,0.0
1121148619287300,0.0
7619404106818850,0.0
6044957825714290,0.0
6775353421864300,0.0
9130243971793000,0.0
9316821115307910,0.0
2788988758199520,0.0
4599280453534020,0.0
8111706426021700,0.0
3211103211595180,0.0
7463398663692810,0.0
4800591685211640,0.0
5772366184683730,0.0
6266698979023520,0.0
4315829188293070,0.0
7080793767086480,0.0
2330572943997550,0.0
1332069045015320,0.0
6134497844436070,0.0
7893956964505860,0.0
9825238867945780,0.0
7310607760777080,0.0
7567092950709150,0.0
1852032320005080,0.0
8162786159232570,0.0
2424566108836120,0.0
1455988244508250,0.0
9843593705877890,0.0
2011117080048630,0.0
9623020339038520,0.0
8767048555413970,0.0
4530491849457600,0.0
3519546911467050,0.0
2637154908493720,0.0
1453619303833510,0.0
2285337083154270,0.0
1573331495473170,0.0
3720440523782890,0.0
6007430013379450,0.0
6921239485361030,0.0
2948431558147230,0.0
8806181561399090,0.0
5287349225483940,0.0
2983695959779010,0.0
7425821796394110,0.0
3318666395069380,0.0
7869133615924240,0.0
7187565614047090,0.0
1505861044688770,0.0
7515596333362590,0.0
4176231969030590,0.0
8626813875537420,0.0
4216283778902050,0.0
1206062174793800,0.0
8932215228226010,0.0
7563983892224170,0.0
2177686486605570,0.0
2707039038081980,0.0
6793647370351770,0.0
9267588062706120,0.0
7703316752356520,0.0
6604945662256170,0.0
7623852466534220,0.0
8220828488743230,0.0
7330227577634210,0.0
7151111347846070,0.0
4747789770765640,0.0
3146177409745490,0.0
6895577495014050,0.0
1446984735354380,0.0
8276026433702490,0.0
8514467682044190,0.0
2716295400207810,0.0
1807592801371680,0.0
5141055264099950,0.0
6125333687692840,0.0
1060159459801950,0.0
1919978382656340,0.0
6845221866789210,0.0
5069733671354000,0.0
8539797121818970,0.0
4810822851211080,0.0
6972421147730890,0.0
9086186104275120,0.0
6995123726887020,0.0
7481426897069820,0.0
9349392666097130,0.0
1483521569041980,0.0
8507458738778530,0.0
4125167378277270,0.0
4265494564929300,0.0
2946904164284200,0.0
6136979022347940,0.0
2941486696419540,0.0
9252532034518930,0.0
4730200557039310,0.0
2706106531387120,0.0
6276068129244280,0.0
1903480323659950,0.0
7892396039494330,0.0
9968370085041330,0.0
3589009025041830,0.0
8371028093785850,0.0
8149398233975720,0.0
6832530997417300,0.0
7918227375705190,0.0
7311360711143910,0.0
7258606071991830,0.0
1948666062016170,0.0
5780343614305340,0.0
3191415346517970,0.0
1411847168616260,0.0
1558625735038090,0.0
4829518044513560,0.0
2393866233677970,0.0
4471278755021100,0.0
7735868807678260,0.0
1230590946694620,0.0
9935660964320170,0.0
2237157517336290,0.0
1506784732854650,0.0
2800224388941480,0.0
6416300409343980,0.0
6134553460707490,0.0
4034323107342930,0.0
2652800130440340,0.0
2118032308402740,0.0
7311942768426210,0.0
7842207697766010,0.0
2072914843940900,0.0
6505052140236640,0.0
3995469941309860,0.0
6193971874658590,0.0
1440733885832670,0.0
2097312108320450,0.0
5603514822341920,0.0
9650345579959820,0.0
6512830789535340,0.0
2157477563892880,0.0
3961929540979850,0.0
6330878869008360,0.0
3535428119680380,0.0
1250411440030110,0.0
7245261538195540,0.0
8728765419867560,0.0
8248422329148520,0.0
5082766333901750,0.0
2355378852236140,0.0
4702446237606290,0.0
2754815698183320,0.0
7865839876938150,0.0
4531045695418740,0.0
8586785856246750,0.0
5440826967042400,0.0
9818248246080860,0.0
2678122256326280,0.0
8612450488806770,0.0
4434852125629840,0.0
4848140167252060,0.0
1715900263448040,0.0
6741812751296200,0.0
3936918866627810,0.0
9072975859859540,0.0
2883391664674270,0.0
2335444618675630,0.0
8540643875598470,0.0
2122553498497120,0.0
7096501458854440,0.0
2531618361487840,0.0
7800205162173960,0.0
8164324886688620,0.0
3807881222883630,0.0
2539753686629590,0.0
8712785528886430,0.0
4154138246751800,0.0
4486016939139850,0.0
3198664341150860,0.0
6030758848459470,0.0
6471011466514550,0.0
1134651130781690,0.0
6198125154065220,0.0
8099537751647510,0.0
4265103561070090,0.0
7013057469929080,0.0
1443709439014320,0.0
9559416706213030,0.0
4018234556690150,0.0
2896589636397070,0.0
6176280517716130,0.0
1297011889611050,0.0
7198005260046450,0.0
5940224631382060,0.0
8279389646858870,0.0
7363065666196120,0.0
2574588644911700,0.0
3061832984624090,0.0
6574839091561500,0.0
4402754564961010,0.0
3615376515993460,0.0
3039619513751910,0.0
8410621603597870,0.0
4718935009069800,0.0
4965952162404270,0.0
1600147069254610,0.0
4527508345437840,0.0
8555485558691450,0.0
3781247891926850,0.0
8681274663408030,0.0
1847928950924920,0.0
3782144805909960,0.0
6598954802308150,0.0
3427025501344380,0.0
7815089830557740,0.0
6159678159831430,0.0
3018426167115160,0.0
1474535683069040,0.0
4629873038676390,0.0
3710521432728970,0.0
1347586603223660,0.0
4334022852735690,0.0
8174049972640500,0.0
2044243149634830,0.0
6017472435322300,0.0
8568122596980190,0.0
1925188995804060,0.0
2508845739827810,0.0
1183121995836860,0.0
6679607141375490,0.0
7757657538674330,0.0
1529740183599490,0.0
6447365639211540,0.0
4924049079531080,0.0
3700269356797360,0.0
8496056716053090,0.0
5432637287727660,0.0
4186978610727420,0.0
1276132927321170,0.0
9523549977688930,0.0
8624450979525630,0.0
3469490601317910,0.0
7911521863443160,0.0
9544680409455640,0.0
2047766979511470,0.0
8128513415870620,0.0
5207556481075200,0.0
2482435413000240,0.0
8596765647442970,0.0
8038696075349070,0.0
8540450495482130,0.0
8737987343693970,0.0
8941539741595840,0.0
9768252490510880,0.0
1717008278931900,0.0
5070692018636970,0.0
2333959251357910,0.0
8693628540574510,0.0
3464361410830520,0.0
8709734020328290,0.0
4318755574763180,0.0
3720340635112000,0.0
8605650216991760,0.0
1931998181135120,0.0
8036644395075620,0.0
9635965735754710,0.0
9153531465580390,0.0
9219363354227560,0.0
8196753728865730,0.0
2293225755742930,0.0
9903130680264000,0.0
8929616165430280,0.0
2269024136591550,0.0
7598644235518500,0.0
4446365920792060,0.0
1264878602738460,0.0
6389390611242810,0.0
1990120917523210,0.0
8965260176677400,0.0
5293619598488290,0.0
7498956769190450,0.0
3008449473096600,0.0
1686565052552330,0.0
6526513645087810,0.0
5005332026057110,0.0
9162539069005670,0.0
6213951198028030,0.0
1611387547129180,0.0
1831220582416280,0.0
9069226581828470,0.0
2867195128611070,0.0
3584223481083810,0.0
9904822263209360,0.0
3492912038542690,0.0
1055875705859190,0.0
6231029903823770,0.0
8600088112334210,0.0
4734044855384870,0.0
5825953846791080,0.0
4456844858065550,0.0
6916256033437500,0.0
9278318677720990,0.0
3125392275140870,0.0
6165238695816310,0.0
5487431549054290,0.0
5212313975886600,0.0
9815957681243640,0.0
7034947198896760,0.0
6004028703740550,0.0
1592875293117420,0.0
4645973966118160,0.0
1911436423893750,0.0
2337929570404880,0.0
4206477183730200,0.0
5276089876453860,0.0
5808183278178980,0.0
3430360952284690,0.0
1528141361915620,0.0
7284524701686920,0.0
5071370989710610,0.0
7688475757286770,0.0
7225934538346050,0.0
3602294982179330,0.0
2539594808564050,0.0
7734834270857010,0.0
3563972135906860,0.0
5314255229502980,0.0
8146701486157100,0.0
1758164880032870,0.0
4254151078454890,0.0
1256087071656680,0.0
4219471548950300,0.0
5945168734029570,0.0
2129278115691310,0.0
6325590690403210,0.0
9311800974875640,0.0
1577257052506260,0.0
8362754447773930,0.0
2656836997609970,0.0
9883958321571870,0.0
9074846894038430,0.0
2734672464343270,0.0
3671007469317460,0.0
8727471281804040,0.0
3664855859912170,0.0
6956969991458530,0.0
8273159259765110,0.0
1256214837266550,0.0
5100628082092340,0.0
8757897681916210,0.0
8567247403259710,0.0
1370567391090880,0.0
9457316439151180,0.0
9738549345707490,0.0
5036921854466880,0.0
9798006051952660,0.0
5096034816789440,0.0
9893795182112410,0.0
7485853527581210,0.0
7974052610700940,0.0
7988574703119170,0.0
8497575042651010,0.0
4433728584911150,0.0
7723396971939390,0.0
7361592596765160,0.0
5232034346589930,0.0
4272860548200570,0.0
4294374125190780,0.0
6500938188510550,0.0
6016625037884270,0.0
7207939536032730,0.0
3129578604940880,0.0
3690607108357290,0.0
6460355832513440,0.0
6785755810377840,0.0
8815116008061100,0.0
8261960763729380,0.0
2758268698835080,0.0
7289656765056740,0.0
7583118479912930,0.0
5138302445058100,0.0
6053501679004920,0.0
1879029971321090,0.0
2715635935909790,0.0
2954358505290130,0.0
1745913069403190,0.0
3341408068899200,0.0
1130234161478210,0.0
5662957062322110,0.0
8162632597963700,0.0
3899217293614710,0.0
5299468942003600,0.0
1586249356148810,0.0
7671209099685650,0.0
7803909092414300,0.0
3960269090885500,0.0
2757675771367140,0.0
8748808743634220,0.0
2428938785891040,0.0
4395476375289320,0.0
7237090046663880,0.0
1875125852649770,0.0
7649391163329240,0.0
3855127311711530,0.0
8238095626014830,0.0
8455964411773130,0.0
1242820553192400,0.0
5689218362221010,0.0
8899417728819950,0.0
7221506399413140,0.0
4331176109081480,0.0
2357420962333760,0.0
7699218025124020,0.0
3457970568677060,0.0
8895310733857630,0.0
8472874020162520,0.0
7286698403311050,0.0
1619961827508570,0.0
8926775951595060,0.0
1062013473776940,0.0
8031657666680170,0.0
3798941261532560,0.0
2989542893913890,0.0
8717400539429570,0.0
6342689877843060,0.0
8904281599891630,0.0
6393865923015340,0.0
5421704645779520,0.0
8640759882146330,0.0
3417705080121190,0.0
3655707967454050,0.0
6760656398411750,0.0
2622248800159440,0.0
5109973929203420,0.0
5636779805121230,0.0
4880642847728360,0.0
7040909134675050,0.0
3576884505417030,0.0
8238218977058590,0.0
3263281567772520,0.0
2028370922472520,0.0
2580957614405490,0.0
5143310913980040,0.0
5730263959734300,0.0
8654684135406690,0.0
6921819106859130,0.0
5025146441053340,0.0
1217917524273560,0.0
6849432275482940,0.0
2057782244130670,0.0
9046428690231990,0.0
5728384478246590,0.0
8274836183279480,0.0
6493752162952580,0.0
8866004484394680,0.0
2465595838088070,0.0
3745419372784470,0.0
1824552708863220,0.0
8810286429698030,0.0
5382382908777940,0.0
1254337991569920,0.0
2843714801005870,0.0
5257501459763740,0.0
3723439462217000,0.0
7228926853809460,0.0
5068461606010130,0.0
9810761177493020,0.0
3414941727505940,0.0
3492922389675140,0.0
7468339219613840,0.0
6745245283348420,0.0
2100671329689490,0.0
6564726874479830,0.0
6548146115430740,0.0
5118601709969090,0.0
5627526575083840,0.0
3439302017062290,0.0
2220974116730780,0.0
6125658705721800,0.0
3076569667105580,0.0
3207223459121660,0.0
8505322739144960,0.0
2122558544211240,0.0
2432929389062650,0.0
4523668745313330,0.0
2275511699983520,0.0
7400227320781550,0.0
9343847140719230,0.0
6988495556931620,0.0
1002423170894490,0.0
4723461462944870,0.0
3204401616368410,0.0
2147300761646000,0.0
6586141913342900,0.0
9200955721860180,0.0
4438331723892240,0.0
7742693254617170,0.0
3389607546144980,0.0
6834627455424990,0.0
5880445400547690,0.0
9946063582302550,0.0
4439747327017890,0.0
1881946622027700,0.0
8892348557262990,0.0
3161794732834320,0.0
4977469714803120,0.0
7036132764944060,0.0
2514598416328910,0.0
4033092060120130,0.0
3398508940356520,0.0
6281593378956530,0.0
8657257061469610,0.0
3091451373603140,0.0
4147027413206100,0.0
3095727204385680,0.0
7212883300698250,0.0
3350542425576700,0.0
6742971963733440,0.0
5304060757868230,0.0
6382782236628830,0.0
7186239264648700,0.0
5040386178335260,0.0
8965900028855020,0.0
7671681102495870,0.0
4645737388128330,0.0
1711229952130060,0.0
1892716943908580,0.0
4376779544889980,0.0
2414983389402870,0.0
3783833219887350,0.0
4889645660980300,0.0
8490164506264110,0.0
6181261307061610,0.0
3021306589963810,0.0
5338194239567440,0.0
8486253742600670,0.0
1159089356128530,0.0
7171391228433700,0.0
5199963129171300,0.0
9296671561510690,0.0
8310479509009270,0.0
4532708260755750,0.0
1658044327111920,0.0
1563043544660680,0.0
3500790126339480,0.0
3415807370533170,0.0
8694632585110690,0.0
1676469856768410,0.0
1323223265580310,0.0
4484013067526210,0.0
1862867290839190,0.0
8738527102211890,0.0
3265084719523390,0.0
5075402698687170,0.0
3543436183115000,0.0
3767955470853430,0.0
9576099631280920,0.0
8430567444759190,0.0
8510644243374570,0.0
5259041954133520,0.0
8128779242215970,0.0
6678958943840540,0.0
2406417527831430,0.0
8667141402561550,0.0
6405065999364820,0.0
9080864484676560,0.0
4892915202376660,0.0
1135135175783840,0.0
1299411056123750,0.0
7072873154393280,0.0
3995021007531260,0.0
2219794509701490,0.0
3938861511686090,0.0
2590331264301690,0.0
3876061024537940,0.0
1726674216972460,0.0
8718676770637210,0.0
7984467267460230,0.0
5820353644154530,0.0
6486165338864720,0.0
6324146650255470,0.0
4185030506915630,0.0
9762934224549360,0.0
9461416930204680,0.0
1985310961661920,0.0
9503815745323050,0.0
2091752221136110,0.0
8986098699965510,0.0
8311167429302020,0.0
2556432743633710,0.0
7783418577261490,0.0
8396209740447750,0.0
9828689038904800,0.0
8332934461327200,0.0
4473216146708560,0.0
8066989779881780,0.0
6394267801917700,0.0
3805755842474420,0.0
1472011620398640,0.0
5491355370169760,0.0
6689858531156290,0.0
5733813722307060,0.0
5297201037761670,0.0
7104939411055000,0.0
1290425107360440,0.0
5572929468631890,0.0
3253180744261570,0.0
4155878047492600,0.0
6498629795684750,0.0
1740717042598780,0.0
3082151948929920,0.0
1008397717658480,0.0
5887150996929260,0.0
2560885019437310,0.0
1177491774709490,0.0
2186105143072790,0.0
5074041732352960,0.0
7528559607451190,0.0
8061102486750160,0.0
9993233217412360,0.0
1670633591805260,0.0
6714181242870000,0.0
7198840684485630,0.0
3842939095045490,0.0
2105707097233810,0.0
8141354961228770,0.0
8485792398511570,0.0
3554401550792220,0.0
2103990136648560,0.0
4550979110398660,0.0
8828258710316460,0.0
8329061193452910,0.0
2854520820691620,0.0
5731312861898980,0.0
3538961016147470,0.0
6185817185902210,0.0
5646339261112620,0.0
8194294619607440,0.0
4292478653682860,0.0
1806044416901450,0.0
1539529597580790,0.0
1958267219727800,0.0
5019327626106850,0.0
3338901220432330,0.0
9562672135333570,0.0
7349239513846230,0.0
8242583128427220,0.0
8223554695194710,0.0
4873958354849200,0.0
2085776879532720,0.0
7867362169255480,0.0
4209420518003140,0.0
4283752226383250,0.0
5154505253297160,0.0
8431534987733050,0.0
4278500179351400,0.0
4877730641719420,0.0
5330680794080320,0.0
6204506586527030,0.0
9358921220225220,0.0
6120127475939910,0.0
9553280712824920,0.0
8093829970057500,0.0
8910803843180180,0.0
9108865379985270,0.0
8494733641876960,0.0
6075265959909320,0.0
2040878429638080,0.0
1185194358840350,0.0
6300351862703640,0.0
1727118848435680,0.0
6108754656182130,0.0
9312967933701340,0.0
9983442839298610,0.0
1150974935443500,0.0
9142934629001860,0.0
1716496217829050,0.0
9563633676544350,0.0
3243200887383700,0.0
6396318322056370,0.0
2539076226499400,0.0
5061661675890000,0.0
2241683284815750,0.0
9257393282430360,0.0
5650738616267660,0.0
2073044662884570,0.0
6901056242595620,0.0
1754803505994060,0.0
1090786402502960,0.0
4828032337259660,0.0
7045240213550810,0.0
5664064371196680,0.0
8328767983411330,0.0
6992251950585340,0.0
7229727520495880,0.0
9022374719616490,0.0
8364554361235180,0.0
6216114309751540,0.0
5148110845914190,0.0
2025283794055530,0.0
2621295288972990,0.0
1025552305647420,0.0
3845573074042240,0.0
1803429139957620,0.0
6427474774220390,0.0
9869391572422570,0.0
8628853571439870,0.0
3697405135315020,0.0
8773185018363610,0.0
9945781646914910,0.0
1294326364879570,0.0
4026119605088720,0.0
9855350572713550,0.0
7889738475514660,0.0
6093035302068160,0.0
6985489532028530,0.0
8734157207981900,0.0
1760907288802540,0.0
1062387575432980,0.0
6887086156471490,0.0
9400649771523520,0.0
7740058021324630,0.0
5096075270038370,0.0
5623080048000840,0.0
8388322862728510,0.0
6307043231489860,0.0
6430674908396240,0.0
9785859886503390,0.0
6122846399116490,0.0
9039093754662550,0.0
8350268899678200,0.0
4572448997238570,0.0
6390868736294530,0.0
9895302998998450,0.0
8257311560511660,0.0
1068384942833130,0.0
2960317539700570,0.0
7216662798130170,0.0
6423093658352880,0.0
1470732741044170,0.0
7737765877264960,0.0
8272160593642060,0.0
9465977540749790,0.0
7218024314887880,0.0
2136374099441400,0.0
2881374422641280,0.0
6371625261401270,0.0
1116692123054130,0.0
1232464966014990,0.0
5963412042976040,0.0
1540833762163560,0.0
6684653330406940,0.0
3597775083594220,0.0
9164118726520940,0.0
3929517130596240,0.0
7915041098328850,0.0
4615342607774790,0.0
8547151090022830,0.0
3230084619840120,0.0
1779863073294230,0.0
9098675537518500,0.0
8940268101478350,0.0
9551016458743220,0.0
7661504159917910,0.0
4300452822671460,0.0
7066580099074680,0.0
3822671991318710,0.0
1903068309181380,0.0
6048844054913340,0.0
4764665682599050,0.0
1436140692034740,0.0
2779253071463460,0.0
7480372479995270,0.0
5480766958963390,0.0
9343851622449570,0.0
3403311675826620,0.0
9136695658097200,0.0
9713831613961110,0.0
5634480269509730,0.0
2277371547435610,0.0
2023410329922860,0.0
9897078438479000,0.0
8507075385692310,0.0
7341678648364470,0.0
2297483695455060,0.0
5179598362401130,0.0
1191649386116090,0.0
3290523701510690,0.0
5166167226238150,0.0
3554524121797020,0.0
9686673263532480,0.0
4170937199716390,0.0
3601717825981720,0.0
8882809298152220,0.0
8481888060513700,0.0
6842710204283020,0.0
2804453461279790,0.0
3687373460273060,0.0
3989833420595680,0.0
6348102832748500,0.0
5318600692219200,0.0
3773035379176910,0.0
9568399765455760,0.0
4912914062335330,0.0
3527227362189750,0.0
4604991815558110,0.0
7499435961312680,0.0
2190359106920140,0.0
2956632380768980,0.0
8817642005108120,0.0
4117395639150020,0.0
6745134548904750,0.0
7619166176923040,0.0
8891760291407710,0.0
4756393159429060,0.0
1844706889227770,0.0
4907456642296320,0.0
3814020795834600,0.0
6430042819835080,0.0
2017074776278820,0.0
7420057779381670,0.0
2108594342986370,0.0
2812119135177550,0.0
8085407996913540,0.0
3660097999803600,0.0
4011899766080750,0.0
2106302323044380,0.0
5033551780363620,0.0
6294571242563360,0.0
6207638812281150,0.0
5611028004172780,0.0
1979199178008800,0.0
9683858732224900,0.0
8617632084188640,0.0
5557992592909250,0.0
7403811809134580,0.0
4877829813586140,0.0
9533291301209440,0.0
6346564581243350,0.0
6286388111138110,0.0
1906659012601350,0.0
2134587017473670,0.0
9493187805696340,0.0
7112170302512560,0.0
3077179522207040,0.0
2490511902586060,0.0
5742063821837290,0.0
7661504159917910,0.0
8805214098810960,0.0
2820693504282040,0.0
2532697664249270,0.0
1576800923188860,0.0
1691289821134130,0.0
1706955501464050,0.0
4204435057423330,0.0
6159813078346560,0.0
3211344082732120,0.0
7184564944233470,0.0
4021244472434170,0.0
8238201209284640,0.0
1642286215743590,0.0
1744582698629360,0.0
9318591930173370,0.0
7947209030962710,0.0
8250966349795850,0.0
7639531855160730,0.0
6621399993986220,0.0
7323328469046380,0.0
7267273534155640,0.0
2249608883474400,0.0
7423248147455030,0.0
2018371570487450,0.0
7327205471891160,0.0
6835121047290450,0.0
8966806592656270,0.0
6469966316534420,0.0
1742705248427650,0.0
1060772426950130,0.0
8912150831905690,0.0
8360301044943760,0.0
2751160414469340,0.0
4544970601083450,0.0
6045490991425660,0.0
9797968100792110,0.0
4637289271624250,0.0
5293676081874790,0.0
9512564890572550,0.0
6873778673354540,0.0
6852258477753320,0.0
3845133198437280,0.0
9501218142061170,0.0
1994009599319570,0.0
1017189213540250,0.0
3829830285447070,0.0
3462160687446730,0.0
3373715515688360,0.0
9264301203286430,0.0
7466545715111630,0.0
1450641409105010,0.0
4062591030166070,0.0
2533508408789530,0.0
5430349830489350,0.0
1259494809266900,0.0
3414220031312550,0.0
2310429698404020,0.0
6509441559908320,0.0
4903402400839010,0.0
6718925720652030,0.0
4748222446829360,0.0
3455501120172980,0.0
6877819745480180,0.0
7875117403598210,0.0
1758200485900760,0.0
3990922947157140,0.0
9326589557738570,0.0
4805478203938530,0.0
9494689045040780,0.0
9598876786322970,0.0
9835353713770490,0.0
3285418026752940,0.0
7621677117408000,0.0
2025411883303010,0.0
1654495649155110,0.0
5114242642241150,0.0
7646515361133650,0.0
5435014965548560,0.0
5424111096202200,0.0
8717734337428930,0.0
5957784389237910,0.0
4567095362031780,0.0
8744027138486990,0.0
6336659941503450,0.0
7926481224108860,0.0
6008599335073360,0.0
8268991877661470,0.0
1678372052137630,0.0
1928031081132340,0.0
9842242881351350,0.0
1848573142928240,0.0
2914006533948820,0.0
6610161269258100,0.0
4112409967678180,0.0
3426080147567350,0.0
2389745457484320,0.0
8965256588572530,0.0
4825243324114880,0.0
4041334307905860,0.0
4073975221471510,0.0
9735925400142790,0.0
8145069379979230,0.0
9019376291833010,0.0
4272501994499490,0.0
6876659843645130,0.0
9988406411583930,0.0
5047951103522560,0.0
1381307945679970,0.0
9960940105859890,0.0
3279727945876900,0.0
6527313188673860,0.0
6924758410959670,0.0
7439405951781340,0.0
1395403592921960,0.0
9197744748906040,0.0
1969285898126340,0.0
9667590060743370,0.0
3766042055472620,0.0
9609082131959070,0.0
1486709862304470,0.0
4152281926401530,0.0
9148254672403270,0.0
9127524173702150,0.0
8884957021540430,0.0
1295677823741400,0.0
1301998587288890,0.0
7439513973649030,0.0
5343172051453470,0.0
7873901686006840,0.0
3718314269829570,0.0
3194496908213630,0.0
4771474085446900,0.0
9392834831035880,0.0
2823477024734650,0.0
9709774524363190,0.0
9125836448406950,0.0
5589114900693590,0.0
4121513925283570,0.0
8944297297181280,0.0
9008763492492910,0.0
9837217529446260,0.0
2939977723910060,0.0
9156721983312660,0.0
5687499416677880,0.0
2916624126443200,0.0
7356384288506460,0.0
4516388732930600,0.0
8516808113039610,0.0
3056204412093590,0.0
2945689485946490,0.0
8167216446554090,0.0
9464115763174170,0.0
1986629228833230,0.0
8671869879966860,0.0
8087151045338170,0.0
2044418683793070,0.0
8165343234684630,0.0
4628786595696880,0.0
6788304666607530,0.0
9591770296416020,0.0
6014620646977780,0.0
6130874013717770,0.0
1377272447364070,0.0
1473607875079630,0.0
5762761785656130,0.0
5187239413832620,0.0
4552442783782300,0.0
1553744550555250,0.0
9392237264249330,0.0
1797511990219340,0.0
7747013960511880,0.0
1997422937709060,0.0
8736188188005470,0.0
1351611782880990,0.0
7187829209276940,0.0
2819184546560060,0.0
2617670705539660,0.0
5586837619836150,0.0
1286127389729920,0.0
3343308874891730,0.0
2820365615502760,0.0
4201435258194610,0.0
6807970082855300,0.0
2947006103399930,0.0
2936519933959880,0.0
7843970962888680,0.0
8664160531326520,0.0
5350569132819970,0.0
2385274415371950,0.0
8812653235485990,0.0
7422192122108400,0.0
3125670017414350,0.0
9764535164937360,0.0
5022533074846370,0.0
8758341558662350,0.0
2728289917560750,0.0
8352349649437710,0.0
7629590059709320,0.0
8943396640862410,0.0
3338685617702330,0.0
2046050122806970,0.0
8516699039511960,0.0
8714505156782560,0.0
5300164675084030,0.0
4409327149607940,0.0
6602694922802620,0.0
1413791634135410,0.0
3430305829739480,0.0
1861306582952260,0.0
1795504941677250,0.0
3854284200620440,0.0
1723691000356730,0.0
8936890951071180,0.0
9259537591765420,0.0
7664812666733530,0.0
5570021421075580,0.0
9386188939925600,0.0
7814657445068810,0.0
2157174681758270,0.0
8798642614103830,0.0
3457712487386000,0.0
6487779199277490,0.0
3665077116792330,0.0
1034409961977490,0.0
8769360740142440,0.0
1060862737575020,0.0
1504173111545800,0.0
3872095671527080,0.0
3680106131818780,0.0
5715968904254750,0.0
6886940846040590,0.0
6073540554902540,0.0
2139907446986990,0.0
6038020591236880,0.0
4353202007678700,0.0
2489660637976930,0.0
4735901301058050,0.0
8297726658263850,0.0
6382270273259760,0.0
2424904226849170,0.0
9429909128808680,0.0
5520009530127550,0.0
8239986956933160,0.0
7553503892156280,0.0
1145146962314670,0.0
8397954813433720,0.0
3480089577469460,0.0
8015099202019460,0.0
6419376592767930,0.0
2147733212818610,0.0
6208384024549030,0.0
5501944535199620,0.0
7211364715514850,0.0
5739685038376550,0.0
7211572361791870,0.0
8095924446637070,0.0
4720776276977840,0.0
8179842184609060,0.0
4474976312184680,0.0
1168315271364230,0.0
2997374309243110,0.0
6826371978034610,0.0
5141559357714900,0.0
7440233738276300,0.0
6273815605583190,0.0
5477485791168650,0.0
9412754772057720,0.0
4150935576744830,0.0
6310665871247660,0.0
7899710788342030,0.0
6988219610703190,0.0
8445444473987010,0.0
2267436736155960,0.0
4666599246844750,0.0
5388908362075540,0.0
6671153862199580,0.0
5837883066126580,0.0
5481156641894300,0.0
9186587958910630,0.0
5469337194608980,0.0
8818601144970560,0.0
9140637326775010,0.0
3887733892208950,0.0
4206355661424470,0.0
2882616133256990,0.0
8077784129099350,0.0
1996605988634700,0.0
8462427923211810,0.0
9187180466798460,0.0
2241735496965580,0.0
3783038206443700,0.0
3508319643672000,0.0
5666133940621980,0.0
8229442524565890,0.0
7514485349942400,0.0
6659500960689340,0.0
7593937216488520,0.0
3614412007758150,0.0
3357137793752030,0.0
2819719319319900,0.0
5573355518459140,0.0
4376959958350620,0.0
6784957219856420,0.0
9862444907815180,0.0
7313881893528500,0.0
2460226506005710,0.0
7059417421418110,0.0
3050062775108710,0.0
6432481185711600,0.0
2174431605244720,0.0
6643396530310620,0.0
5202813283000330,0.0
4584518031117830,0.0
6316578779079700,0.0
1568449866994340,0.0
8710309982575770,0.0
7847577867943120,0.0
9275292617689560,0.0
3564535971607370,0.0
1106467662010590,0.0
5878013145239810,0.0
7564178646451980,0.0
6868441213993320,0.0
9950680687413360,0.0
1523500722536790,0.0
1953157544405730,0.0
4527965052598250,0.0
5516358347885950,0.0
7735499054433740,0.0
9308585452806050,0.0
1160906442994930,0.0
7768143550836800,0.0
2541794908624920,0.0
2800026787727600,0.0
1684862298028200,0.0
9283698117180570,0.0
3362146096177590,0.0
4944677149193590,0.0
3596056757270670,0.0
8363491647438120,0.0
1488665782600370,0.0
8153283727494230,0.0
5716096142370730,0.0
3613508399087850,0.0
6649939600527630,0.0
9133324250998030,0.0
1465997414021200,0.0
1961098002739100,0.0
4390698209988440,0.0
7646598662095730,0.0
7194540203042860,0.0
2167912472407650,0.0
8725437515655290,0.0
8719073828724910,0.0
2300769219569240,0.0
9050153053566590,0.0
5104007092416990,0.0
9674559574614020,0.0
3310239751166600,0.0
3574921768222110,0.0
2877092990946190,0.0
1276738318694060,0.0
